[{"pk": 24, "model": "contenttypes.contenttype", "fields": {"model": "contact", "name": "contact", "app_label": "specialPages"}}, {"pk": 5, "model": "contenttypes.contenttype", "fields": {"model": "contenttype", "name": "content type", "app_label": "contenttypes"}}, {"pk": 23, "model": "contenttypes.contenttype", "fields": {"model": "customer", "name": "customer", "app_label": "specialPages"}}, {"pk": 12, "model": "contenttypes.contenttype", "fields": {"model": "footer", "name": "footer", "app_label": "pages"}}, {"pk": 2, "model": "contenttypes.contenttype", "fields": {"model": "group", "name": "group", "app_label": "auth"}}, {"pk": 20, "model": "contenttypes.contenttype", "fields": {"model": "home", "name": "home", "app_label": "specialPages"}}, {"pk": 15, "model": "contenttypes.contenttype", "fields": {"model": "imagegallery", "name": "image gallery", "app_label": "gallery"}}, {"pk": 14, "model": "contenttypes.contenttype", "fields": {"model": "keyword", "name": "keyword", "app_label": "pages"}}, {"pk": 17, "model": "contenttypes.contenttype", "fields": {"model": "language", "name": "language", "app_label": "languages"}}, {"pk": 18, "model": "contenttypes.contenttype", "fields": {"model": "languagegod", "name": "language god", "app_label": "languages"}}, {"pk": 19, "model": "contenttypes.contenttype", "fields": {"model": "languagename", "name": "language name", "app_label": "languages"}}, {"pk": 8, "model": "contenttypes.contenttype", "fields": {"model": "logentry", "name": "log entry", "app_label": "admin"}}, {"pk": 13, "model": "contenttypes.contenttype", "fields": {"model": "logo", "name": "logo", "app_label": "pages"}}, {"pk": 4, "model": "contenttypes.contenttype", "fields": {"model": "message", "name": "message", "app_label": "auth"}}, {"pk": 21, "model": "contenttypes.contenttype", "fields": {"model": "method", "name": "method", "app_label": "specialPages"}}, {"pk": 22, "model": "contenttypes.contenttype", "fields": {"model": "nets", "name": "nets", "app_label": "specialPages"}}, {"pk": 9, "model": "contenttypes.contenttype", "fields": {"model": "page", "name": "page", "app_label": "pages"}}, {"pk": 10, "model": "contenttypes.contenttype", "fields": {"model": "pagename", "name": "page name", "app_label": "pages"}}, {"pk": 1, "model": "contenttypes.contenttype", "fields": {"model": "permission", "name": "permission", "app_label": "auth"}}, {"pk": 6, "model": "contenttypes.contenttype", "fields": {"model": "session", "name": "session", "app_label": "sessions"}}, {"pk": 7, "model": "contenttypes.contenttype", "fields": {"model": "site", "name": "site", "app_label": "sites"}}, {"pk": 11, "model": "contenttypes.contenttype", "fields": {"model": "text", "name": "text", "app_label": "pages"}}, {"pk": 3, "model": "contenttypes.contenttype", "fields": {"model": "user", "name": "user", "app_label": "auth"}}, {"pk": 16, "model": "contenttypes.contenttype", "fields": {"model": "videogallery", "name": "video gallery", "app_label": "gallery"}}, {"pk": "6374df8eac164133f3fe5f76faf9220a", "model": "sessions.session", "fields": {"expire_date": "2009-09-15 09:33:07", "session_data": "gAJ9cQFVCnRlc3Rjb29raWVxAlUGd29ya2VkcQNzLjRmZTU4YWQyNDI3MmMxMjQzNDA4NmI1ZjAw\nOWFlYWM2\n"}}, {"pk": "9cb5149f62b4b7cf1bf9a409bb01444e", "model": "sessions.session", "fields": {"expire_date": "2009-09-15 09:15:21", "session_data": "gAJ9cQEoVRJfYXV0aF91c2VyX2JhY2tlbmRxAlUpZGphbmdvLmNvbnRyaWIuYXV0aC5iYWNrZW5k\ncy5Nb2RlbEJhY2tlbmRxA1UNX2F1dGhfdXNlcl9pZHEEigEBdS4xMDM2NmJiMzgwODY0MzEzMDA3\nNzY3YjQxZTMxNWJiZA==\n"}}, {"pk": "47c8a68d8c41824a35e3f32ae7463fd2", "model": "sessions.session", "fields": {"expire_date": "2009-10-18 10:48:36", "session_data": "gAJ9cQEoVRJfYXV0aF91c2VyX2JhY2tlbmRxAlUpZGphbmdvLmNvbnRyaWIuYXV0aC5iYWNrZW5k\ncy5Nb2RlbEJhY2tlbmRxA1UNX2F1dGhfdXNlcl9pZHEEigEBdS4xMDM2NmJiMzgwODY0MzEzMDA3\nNzY3YjQxZTMxNWJiZA==\n"}}, {"pk": "178469e74a513646f54c2b38ace55958", "model": "sessions.session", "fields": {"expire_date": "2009-09-18 07:34:22", "session_data": "gAJ9cQEoVRJfYXV0aF91c2VyX2JhY2tlbmRxAlUpZGphbmdvLmNvbnRyaWIuYXV0aC5iYWNrZW5k\ncy5Nb2RlbEJhY2tlbmRxA1UNX2F1dGhfdXNlcl9pZHEEigEBdS4xMDM2NmJiMzgwODY0MzEzMDA3\nNzY3YjQxZTMxNWJiZA==\n"}}, {"pk": "ab278f8b5d387699a4acfcb9962456bc", "model": "sessions.session", "fields": {"expire_date": "2009-10-09 00:20:47", "session_data": "gAJ9cQFVCnRlc3Rjb29raWVxAlUGd29ya2VkcQNzLjRmZTU4YWQyNDI3MmMxMjQzNDA4NmI1ZjAw\nOWFlYWM2\n"}}, {"pk": "e1f91b839a2c7736635d4d17f85b6880", "model": "sessions.session", "fields": {"expire_date": "2009-10-24 01:02:47", "session_data": "gAJ9cQFVCnRlc3Rjb29raWVxAlUGd29ya2VkcQNzLjRmZTU4YWQyNDI3MmMxMjQzNDA4NmI1ZjAw\nOWFlYWM2\n"}}, {"pk": "93123106c6b18df100233ed7426522f0", "model": "sessions.session", "fields": {"expire_date": "2009-10-10 15:38:41", "session_data": "gAJ9cQEoVRJfYXV0aF91c2VyX2JhY2tlbmRxAlUpZGphbmdvLmNvbnRyaWIuYXV0aC5iYWNrZW5k\ncy5Nb2RlbEJhY2tlbmRxA1UNX2F1dGhfdXNlcl9pZHEEigEBdS4xMDM2NmJiMzgwODY0MzEzMDA3\nNzY3YjQxZTMxNWJiZA==\n"}}, {"pk": "aad3cb3220bfd8439b0d2ac80c0f108d", "model": "sessions.session", "fields": {"expire_date": "2009-11-09 16:37:22", "session_data": "gAJ9cQFVCnRlc3Rjb29raWVxAlUGd29ya2VkcQNzLjRmZTU4YWQyNDI3MmMxMjQzNDA4NmI1ZjAw\nOWFlYWM2\n"}}, {"pk": "197cdfae104732249d959aad53b79dc2", "model": "sessions.session", "fields": {"expire_date": "2009-12-01 01:25:21", "session_data": "gAJ9cQFVCnRlc3Rjb29raWVxAlUGd29ya2VkcQNzLjRmZTU4YWQyNDI3MmMxMjQzNDA4NmI1ZjAw\nOWFlYWM2\n"}}, {"pk": "f0e63daf525f4125ca36432cdc35acd3", "model": "sessions.session", "fields": {"expire_date": "2009-12-14 09:40:18", "session_data": "gAJ9cQFVCnRlc3Rjb29raWVxAlUGd29ya2VkcQNzLjRmZTU4YWQyNDI3MmMxMjQzNDA4NmI1ZjAw\nOWFlYWM2\n"}}, {"pk": "442208982db35188648cda7de0002124", "model": "sessions.session", "fields": {"expire_date": "2009-12-14 09:40:18", "session_data": "gAJ9cQFVCnRlc3Rjb29raWVxAlUGd29ya2VkcQNzLjRmZTU4YWQyNDI3MmMxMjQzNDA4NmI1ZjAw\nOWFlYWM2\n"}}, {"pk": "d28f376cbd3faa54496359895be9766c", "model": "sessions.session", "fields": {"expire_date": "2009-12-24 04:23:07", "session_data": "gAJ9cQFVCnRlc3Rjb29raWVxAlUGd29ya2VkcQNzLjRmZTU4YWQyNDI3MmMxMjQzNDA4NmI1ZjAw\nOWFlYWM2\n"}}, {"pk": "33e5faceb0a89f0d2207f8ef8ea0fdea", "model": "sessions.session", "fields": {"expire_date": "2009-12-24 04:23:08", "session_data": "gAJ9cQFVCnRlc3Rjb29raWVxAlUGd29ya2VkcQNzLjRmZTU4YWQyNDI3MmMxMjQzNDA4NmI1ZjAw\nOWFlYWM2\n"}}, {"pk": "8720c263adf496cfa4abd54277896aaf", "model": "sessions.session", "fields": {"expire_date": "2009-12-24 04:23:08", "session_data": "gAJ9cQFVCnRlc3Rjb29raWVxAlUGd29ya2VkcQNzLjRmZTU4YWQyNDI3MmMxMjQzNDA4NmI1ZjAw\nOWFlYWM2\n"}}, {"pk": "08fe5bd219f7fbe3fa52ee2a543395e2", "model": "sessions.session", "fields": {"expire_date": "2010-01-08 18:23:59", "session_data": "gAJ9cQFVCnRlc3Rjb29raWVxAlUGd29ya2VkcQNzLjRmZTU4YWQyNDI3MmMxMjQzNDA4NmI1ZjAw\nOWFlYWM2\n"}}, {"pk": "13dbf6ecaedf7e8f9d6f4ffc3b698bb5", "model": "sessions.session", "fields": {"expire_date": "2010-01-08 18:24:00", "session_data": "gAJ9cQFVCnRlc3Rjb29raWVxAlUGd29ya2VkcQNzLjRmZTU4YWQyNDI3MmMxMjQzNDA4NmI1ZjAw\nOWFlYWM2\n"}}, {"pk": "de037ef454175f160ec2a5e67cb01e60", "model": "sessions.session", "fields": {"expire_date": "2010-01-08 18:24:00", "session_data": "gAJ9cQFVCnRlc3Rjb29raWVxAlUGd29ya2VkcQNzLjRmZTU4YWQyNDI3MmMxMjQzNDA4NmI1ZjAw\nOWFlYWM2\n"}}, {"pk": "7828019ac567feb80d61fe8fc8338710", "model": "sessions.session", "fields": {"expire_date": "2010-01-08 18:24:01", "session_data": "gAJ9cQFVCnRlc3Rjb29raWVxAlUGd29ya2VkcQNzLjRmZTU4YWQyNDI3MmMxMjQzNDA4NmI1ZjAw\nOWFlYWM2\n"}}, {"pk": "d10742a85ca1ce814609b8be367d54da", "model": "sessions.session", "fields": {"expire_date": "2010-01-08 18:24:01", "session_data": "gAJ9cQFVCnRlc3Rjb29raWVxAlUGd29ya2VkcQNzLjRmZTU4YWQyNDI3MmMxMjQzNDA4NmI1ZjAw\nOWFlYWM2\n"}}, {"pk": "153f176c9cf16a95a9db5c40fbe5972c", "model": "sessions.session", "fields": {"expire_date": "2010-04-11 03:37:15", "session_data": "gAJ9cQFVCnRlc3Rjb29raWVxAlUGd29ya2VkcQNzLjRmZTU4YWQyNDI3MmMxMjQzNDA4NmI1ZjAw\nOWFlYWM2\n"}}, {"pk": "cc996be8f54b84a9e3909a3ce2b6064e", "model": "sessions.session", "fields": {"expire_date": "2010-01-11 01:48:00", "session_data": "gAJ9cQEoVRJfYXV0aF91c2VyX2JhY2tlbmRxAlUpZGphbmdvLmNvbnRyaWIuYXV0aC5iYWNrZW5k\ncy5Nb2RlbEJhY2tlbmRxA1UNX2F1dGhfdXNlcl9pZHEEigEBdS4xMDM2NmJiMzgwODY0MzEzMDA3\nNzY3YjQxZTMxNWJiZA==\n"}}, {"pk": "7952b2b19c439a99492ab0708db638eb", "model": "sessions.session", "fields": {"expire_date": "2010-04-11 03:37:16", "session_data": "gAJ9cQFVCnRlc3Rjb29raWVxAlUGd29ya2VkcQNzLjRmZTU4YWQyNDI3MmMxMjQzNDA4NmI1ZjAw\nOWFlYWM2\n"}}, {"pk": "6df39c01335254e579270fefaf594721", "model": "sessions.session", "fields": {"expire_date": "2010-04-11 03:37:17", "session_data": "gAJ9cQFVCnRlc3Rjb29raWVxAlUGd29ya2VkcQNzLjRmZTU4YWQyNDI3MmMxMjQzNDA4NmI1ZjAw\nOWFlYWM2\n"}}, {"pk": "bdc178af7be070fffce98a785383c19e", "model": "sessions.session", "fields": {"expire_date": "2010-04-11 03:37:17", "session_data": "gAJ9cQFVCnRlc3Rjb29raWVxAlUGd29ya2VkcQNzLjRmZTU4YWQyNDI3MmMxMjQzNDA4NmI1ZjAw\nOWFlYWM2\n"}}, {"pk": "b90f1dff34fed16f1c336389e333da1e", "model": "sessions.session", "fields": {"expire_date": "2010-04-11 03:37:17", "session_data": "gAJ9cQFVCnRlc3Rjb29raWVxAlUGd29ya2VkcQNzLjRmZTU4YWQyNDI3MmMxMjQzNDA4NmI1ZjAw\nOWFlYWM2\n"}}, {"pk": "80f2f5b2a5a78d0a91aee78299e179b3", "model": "sessions.session", "fields": {"expire_date": "2010-04-11 03:37:17", "session_data": "gAJ9cQFVCnRlc3Rjb29raWVxAlUGd29ya2VkcQNzLjRmZTU4YWQyNDI3MmMxMjQzNDA4NmI1ZjAw\nOWFlYWM2\n"}}, {"pk": "c63df433e0a27f48e6d64401c16986e5", "model": "sessions.session", "fields": {"expire_date": "2010-04-11 03:37:17", "session_data": "gAJ9cQFVCnRlc3Rjb29raWVxAlUGd29ya2VkcQNzLjRmZTU4YWQyNDI3MmMxMjQzNDA4NmI1ZjAw\nOWFlYWM2\n"}}, {"pk": "56ef4ab82b46bc3017fb17d8e67d3543", "model": "sessions.session", "fields": {"expire_date": "2010-04-11 03:37:17", "session_data": "gAJ9cQFVCnRlc3Rjb29raWVxAlUGd29ya2VkcQNzLjRmZTU4YWQyNDI3MmMxMjQzNDA4NmI1ZjAw\nOWFlYWM2\n"}}, {"pk": "84fef948b9f19dcd148130463fafcf69", "model": "sessions.session", "fields": {"expire_date": "2010-04-22 00:50:05", "session_data": "gAJ9cQFVCnRlc3Rjb29raWVxAlUGd29ya2VkcQNzLjRmZTU4YWQyNDI3MmMxMjQzNDA4NmI1ZjAw\nOWFlYWM2\n"}}, {"pk": "fff4f62eb9414a0dc594c2381e417704", "model": "sessions.session", "fields": {"expire_date": "2010-04-22 00:51:29", "session_data": "gAJ9cQFVCnRlc3Rjb29raWVxAlUGd29ya2VkcQNzLjRmZTU4YWQyNDI3MmMxMjQzNDA4NmI1ZjAw\nOWFlYWM2\n"}}, {"pk": "43ffe04d944b70422f34e8498e1556dc", "model": "sessions.session", "fields": {"expire_date": "2010-05-27 13:55:04", "session_data": "gAJ9cQEoVRJfYXV0aF91c2VyX2JhY2tlbmRxAlUpZGphbmdvLmNvbnRyaWIuYXV0aC5iYWNrZW5k\ncy5Nb2RlbEJhY2tlbmRxA1UNX2F1dGhfdXNlcl9pZHEEigEBdS4xMDM2NmJiMzgwODY0MzEzMDA3\nNzY3YjQxZTMxNWJiZA==\n"}}, {"pk": "4859ccf3b5d9edb1ae7be3a895d8d3d0", "model": "sessions.session", "fields": {"expire_date": "2010-10-27 17:42:06", "session_data": "gAJ9cQFVCnRlc3Rjb29raWVxAlUGd29ya2VkcQNzLjRmZTU4YWQyNDI3MmMxMjQzNDA4NmI1ZjAw\nOWFlYWM2\n"}}, {"pk": "d883dbd99463eaef9953d6d012e81b63", "model": "sessions.session", "fields": {"expire_date": "2010-09-28 16:40:52", "session_data": "gAJ9cQEoVRJfYXV0aF91c2VyX2JhY2tlbmRxAlUpZGphbmdvLmNvbnRyaWIuYXV0aC5iYWNrZW5k\ncy5Nb2RlbEJhY2tlbmRxA1UNX2F1dGhfdXNlcl9pZHEEigEBdS4xMDM2NmJiMzgwODY0MzEzMDA3\nNzY3YjQxZTMxNWJiZA==\n"}}, {"pk": "3dc89ba2993d64dc2cd9a33fdb11d13e", "model": "sessions.session", "fields": {"expire_date": "2011-01-04 01:00:33", "session_data": "gAJ9cQFVCnRlc3Rjb29raWVxAlUGd29ya2VkcQNzLjRmZTU4YWQyNDI3MmMxMjQzNDA4NmI1ZjAw\nOWFlYWM2\n"}}, {"pk": "8b45523d21375416e76cddb33ac4a43a", "model": "sessions.session", "fields": {"expire_date": "2011-02-12 21:21:54", "session_data": "gAJ9cQFVCnRlc3Rjb29raWVxAlUGd29ya2VkcQNzLjRmZTU4YWQyNDI3MmMxMjQzNDA4NmI1ZjAw\nOWFlYWM2\n"}}, {"pk": "cbf2a792040f9b07f9ee3d52efce08c8", "model": "sessions.session", "fields": {"expire_date": "2011-01-27 11:28:51", "session_data": "gAJ9cQEoVRJfYXV0aF91c2VyX2JhY2tlbmRxAlUpZGphbmdvLmNvbnRyaWIuYXV0aC5iYWNrZW5k\ncy5Nb2RlbEJhY2tlbmRxA1UNX2F1dGhfdXNlcl9pZHEEigEBdS4xMDM2NmJiMzgwODY0MzEzMDA3\nNzY3YjQxZTMxNWJiZA==\n"}}, {"pk": "5ff2639d25a357dc9939013bda896ae6", "model": "sessions.session", "fields": {"expire_date": "2011-04-04 06:55:37", "session_data": "gAJ9cQFVCnRlc3Rjb29raWVxAlUGd29ya2VkcQNzLjRmZTU4YWQyNDI3MmMxMjQzNDA4NmI1ZjAw\nOWFlYWM2\n"}}, {"pk": "50452558243224c5d1806bcf74bad53e", "model": "sessions.session", "fields": {"expire_date": "2011-04-04 06:57:22", "session_data": "gAJ9cQFVCnRlc3Rjb29raWVxAlUGd29ya2VkcQNzLjRmZTU4YWQyNDI3MmMxMjQzNDA4NmI1ZjAw\nOWFlYWM2\n"}}, {"pk": "6989914f95e0682ef237fe34bea935e9", "model": "sessions.session", "fields": {"expire_date": "2011-04-12 23:29:06", "session_data": "gAJ9cQFVCnRlc3Rjb29raWVxAlUGd29ya2VkcQNzLjRmZTU4YWQyNDI3MmMxMjQzNDA4NmI1ZjAw\nOWFlYWM2\n"}}, {"pk": 1, "model": "sites.site", "fields": {"domain": "example.com", "name": "example.com"}}, {"pk": 58, "model": "admin.logentry", "fields": {"action_flag": 2, "action_time": "2010-05-21 13:21:23", "object_repr": "Icelandic", "object_id": "4", "change_message": "Changed title1.", "user": 1, "content_type": 20}}, {"pk": 57, "model": "admin.logentry", "fields": {"action_flag": 2, "action_time": "2010-05-20 12:27:19", "object_repr": "Icelandic", "object_id": "4", "change_message": "Changed title1.", "user": 1, "content_type": 20}}, {"pk": 56, "model": "admin.logentry", "fields": {"action_flag": 2, "action_time": "2010-05-20 12:21:26", "object_repr": "Icelandic", "object_id": "4", "change_message": "Changed text1.", "user": 1, "content_type": 20}}, {"pk": 55, "model": "admin.logentry", "fields": {"action_flag": 2, "action_time": "2010-05-20 12:20:38", "object_repr": "Icelandic", "object_id": "4", "change_message": "Changed text1.", "user": 1, "content_type": 21}}, {"pk": 54, "model": "admin.logentry", "fields": {"action_flag": 2, "action_time": "2010-05-20 12:19:29", "object_repr": "Icelandic", "object_id": "4", "change_message": "Changed text1.", "user": 1, "content_type": 22}}, {"pk": 53, "model": "admin.logentry", "fields": {"action_flag": 2, "action_time": "2010-05-20 12:16:36", "object_repr": "Icelandic", "object_id": "6", "change_message": "Changed customer3Text.", "user": 1, "content_type": 23}}, {"pk": 52, "model": "admin.logentry", "fields": {"action_flag": 2, "action_time": "2010-05-17 16:49:45", "object_repr": "Icelandic", "object_id": "6", "change_message": "Changed sCustomer1Text.", "user": 1, "content_type": 23}}, {"pk": 51, "model": "admin.logentry", "fields": {"action_flag": 2, "action_time": "2010-05-17 16:48:06", "object_repr": "Icelandic", "object_id": "6", "change_message": "Changed sCustomer1Text.", "user": 1, "content_type": 23}}, {"pk": 50, "model": "admin.logentry", "fields": {"action_flag": 2, "action_time": "2010-05-17 16:32:43", "object_repr": "Icelandic", "object_id": "6", "change_message": "Changed flag.", "user": 1, "content_type": 17}}, {"pk": 49, "model": "admin.logentry", "fields": {"action_flag": 1, "action_time": "2010-05-17 16:29:29", "object_repr": "ImageGallery object", "object_id": "16", "change_message": "", "user": 1, "content_type": 15}}, {"pk": 48, "model": "admin.logentry", "fields": {"action_flag": 1, "action_time": "2010-05-17 16:29:04", "object_repr": "ImageGallery object", "object_id": "15", "change_message": "", "user": 1, "content_type": 15}}, {"pk": 47, "model": "admin.logentry", "fields": {"action_flag": 2, "action_time": "2010-05-17 16:28:27", "object_repr": "About Us", "object_id": "6", "change_message": "Changed text for text \"Text object\".", "user": 1, "content_type": 9}}, {"pk": 46, "model": "admin.logentry", "fields": {"action_flag": 2, "action_time": "2010-05-17 16:09:11", "object_repr": "Our Nets After Use", "object_id": "9", "change_message": "Changed name for page name \"Netin Okkar Eftir Notkun\".", "user": 1, "content_type": 9}}, {"pk": 45, "model": "admin.logentry", "fields": {"action_flag": 1, "action_time": "2010-05-17 16:07:44", "object_repr": "ImageGallery object", "object_id": "14", "change_message": "", "user": 1, "content_type": 15}}, {"pk": 44, "model": "admin.logentry", "fields": {"action_flag": 2, "action_time": "2010-05-17 16:06:27", "object_repr": "Icelandic", "object_id": "4", "change_message": "Changed image1, image2 and image3.", "user": 1, "content_type": 21}}, {"pk": 43, "model": "admin.logentry", "fields": {"action_flag": 2, "action_time": "2010-05-17 15:53:33", "object_repr": "Icelandic", "object_id": "4", "change_message": "Changed listNumber5.", "user": 1, "content_type": 22}}, {"pk": 42, "model": "admin.logentry", "fields": {"action_flag": 2, "action_time": "2010-05-14 15:23:26", "object_repr": "Icelandic", "object_id": "6", "change_message": "Changed text1, mainStoryTitle, mainStoryText, customer1Title, customer1Text, customer2Title, customer2Text, sCustomer1Title, sCustomer1Text, customer3Title and customer3Text.", "user": 1, "content_type": 23}}, {"pk": 41, "model": "admin.logentry", "fields": {"action_flag": 1, "action_time": "2010-05-14 15:11:48", "object_repr": "Icelandic", "object_id": "6", "change_message": "", "user": 1, "content_type": 23}}, {"pk": 40, "model": "admin.logentry", "fields": {"action_flag": 2, "action_time": "2010-05-14 14:54:53", "object_repr": "Icelandic", "object_id": "4", "change_message": "Changed image2 and image3.", "user": 1, "content_type": 22}}, {"pk": 39, "model": "admin.logentry", "fields": {"action_flag": 2, "action_time": "2010-05-14 14:33:15", "object_repr": "Footer object", "object_id": "4", "change_message": "No fields changed.", "user": 1, "content_type": 12}}, {"pk": 38, "model": "admin.logentry", "fields": {"action_flag": 2, "action_time": "2010-05-14 14:29:42", "object_repr": "Footer object", "object_id": "4", "change_message": "Changed footerText.", "user": 1, "content_type": 12}}, {"pk": 37, "model": "admin.logentry", "fields": {"action_flag": 2, "action_time": "2010-05-14 14:29:08", "object_repr": "Footer object", "object_id": "4", "change_message": "Changed footerText.", "user": 1, "content_type": 12}}, {"pk": 36, "model": "admin.logentry", "fields": {"action_flag": 1, "action_time": "2010-05-14 14:00:10", "object_repr": "Footer object", "object_id": "4", "change_message": "", "user": 1, "content_type": 12}}, {"pk": 35, "model": "admin.logentry", "fields": {"action_flag": 1, "action_time": "2010-05-14 13:57:49", "object_repr": "ImageGallery object", "object_id": "13", "change_message": "", "user": 1, "content_type": 15}}, {"pk": 34, "model": "admin.logentry", "fields": {"action_flag": 2, "action_time": "2010-05-14 13:49:50", "object_repr": "Our Customers", "object_id": "4", "change_message": "Added page name \"Vi\u00f0skiptavinir\".", "user": 1, "content_type": 9}}, {"pk": 33, "model": "admin.logentry", "fields": {"action_flag": 2, "action_time": "2010-05-14 13:49:25", "object_repr": "The Benefits", "object_id": "5", "change_message": "Added page name \"Kostirnir\".", "user": 1, "content_type": 9}}, {"pk": 32, "model": "admin.logentry", "fields": {"action_flag": 2, "action_time": "2010-05-14 13:48:43", "object_repr": "Our Nets", "object_id": "3", "change_message": "Added page name \"Netin Okkar\".", "user": 1, "content_type": 9}}, {"pk": 31, "model": "admin.logentry", "fields": {"action_flag": 2, "action_time": "2010-05-14 13:47:53", "object_repr": "The New Method", "object_id": "2", "change_message": "Added page name \"N\u00fda A\u00f0fer\u00f0in\".", "user": 1, "content_type": 9}}, {"pk": 30, "model": "admin.logentry", "fields": {"action_flag": 2, "action_time": "2010-05-14 13:45:35", "object_repr": "Home", "object_id": "1", "change_message": "Added page name \"Heim\".", "user": 1, "content_type": 9}}, {"pk": 29, "model": "admin.logentry", "fields": {"action_flag": 2, "action_time": "2010-05-14 13:43:53", "object_repr": "Icelandic", "object_id": "6", "change_message": "Changed publish and flag.", "user": 1, "content_type": 17}}, {"pk": 28, "model": "admin.logentry", "fields": {"action_flag": 2, "action_time": "2010-05-14 13:41:11", "object_repr": "Icelandic", "object_id": "4", "change_message": "Changed title1, image1, image2, title2, image3, image4 and image5.", "user": 1, "content_type": 22}}, {"pk": 27, "model": "admin.logentry", "fields": {"action_flag": 2, "action_time": "2010-05-14 13:17:30", "object_repr": "Icelandic", "object_id": "4", "change_message": "Changed title1, text1, image1, image2 and image3.", "user": 1, "content_type": 21}}, {"pk": 26, "model": "admin.logentry", "fields": {"action_flag": 2, "action_time": "2010-05-14 13:05:59", "object_repr": "Icelandic", "object_id": "4", "change_message": "Changed title1, image1, image2 and footerImage1.", "user": 1, "content_type": 20}}, {"pk": 25, "model": "admin.logentry", "fields": {"action_flag": 2, "action_time": "2010-05-14 12:39:23", "object_repr": "Icelandic", "object_id": "4", "change_message": "Changed swf1 and flv1.", "user": 1, "content_type": 22}}, {"pk": 24, "model": "admin.logentry", "fields": {"action_flag": 2, "action_time": "2010-05-14 12:32:39", "object_repr": "Icelandic", "object_id": "4", "change_message": "Changed flv1, flv2 and flv3.", "user": 1, "content_type": 21}}, {"pk": 23, "model": "admin.logentry", "fields": {"action_flag": 2, "action_time": "2010-05-14 12:27:13", "object_repr": "Icelandic", "object_id": "4", "change_message": "Changed swf1 and swf2.", "user": 1, "content_type": 21}}, {"pk": 22, "model": "admin.logentry", "fields": {"action_flag": 2, "action_time": "2010-05-14 12:25:12", "object_repr": "Icelandic", "object_id": "4", "change_message": "Changed flv1.", "user": 1, "content_type": 20}}, {"pk": 21, "model": "admin.logentry", "fields": {"action_flag": 2, "action_time": "2010-05-14 12:15:41", "object_repr": "Icelandic", "object_id": "4", "change_message": "Changed swf1.", "user": 1, "content_type": 20}}, {"pk": 20, "model": "admin.logentry", "fields": {"action_flag": 2, "action_time": "2010-05-14 12:07:19", "object_repr": "Icelandic", "object_id": "4", "change_message": "Changed title1.", "user": 1, "content_type": 20}}, {"pk": 19, "model": "admin.logentry", "fields": {"action_flag": 2, "action_time": "2010-05-13 15:11:54", "object_repr": "About Us", "object_id": "6", "change_message": "Added page name \"Um Okkur\". Added text \"Text object\".", "user": 1, "content_type": 9}}, {"pk": 18, "model": "admin.logentry", "fields": {"action_flag": 2, "action_time": "2010-05-13 14:36:07", "object_repr": "Our Nets After Use", "object_id": "9", "change_message": "Added page name \"Netin okkar eftir notkun\". Added text \"Text object\".", "user": 1, "content_type": 9}}, {"pk": 17, "model": "admin.logentry", "fields": {"action_flag": 1, "action_time": "2010-05-13 14:28:10", "object_repr": "Icelandic", "object_id": "4", "change_message": "", "user": 1, "content_type": 22}}, {"pk": 16, "model": "admin.logentry", "fields": {"action_flag": 1, "action_time": "2010-05-13 14:14:56", "object_repr": "Icelandic", "object_id": "4", "change_message": "", "user": 1, "content_type": 21}}, {"pk": 15, "model": "admin.logentry", "fields": {"action_flag": 1, "action_time": "2010-05-13 14:09:41", "object_repr": "Icelandic", "object_id": "4", "change_message": "", "user": 1, "content_type": 20}}, {"pk": 14, "model": "admin.logentry", "fields": {"action_flag": 1, "action_time": "2010-05-13 13:58:34", "object_repr": "Icelandic", "object_id": "6", "change_message": "", "user": 1, "content_type": 17}}, {"pk": 13, "model": "admin.logentry", "fields": {"action_flag": 2, "action_time": "2009-12-28 02:23:50", "object_repr": "About Us", "object_id": "6", "change_message": "Changed text for text \"Text object\".", "user": 1, "content_type": 9}}, {"pk": 12, "model": "admin.logentry", "fields": {"action_flag": 2, "action_time": "2009-12-28 02:21:30", "object_repr": "Spanish", "object_id": "4", "change_message": "Changed text1, mainStoryTitle, mainStoryText, customer1Text, customer2Text, sCustomer1Text and customer3Text.", "user": 1, "content_type": 23}}, {"pk": 11, "model": "admin.logentry", "fields": {"action_flag": 2, "action_time": "2009-12-28 02:15:00", "object_repr": "Spanish", "object_id": "2", "change_message": "Changed text1, text2, listNumber5, title3, listNumber6, listNumber8, listNumber9 and text4.", "user": 1, "content_type": 22}}, {"pk": 10, "model": "admin.logentry", "fields": {"action_flag": 2, "action_time": "2009-12-28 02:05:51", "object_repr": "Spanish", "object_id": "2", "change_message": "Changed text1, text3 and text4.", "user": 1, "content_type": 21}}, {"pk": 9, "model": "admin.logentry", "fields": {"action_flag": 2, "action_time": "2009-10-04 15:36:06", "object_repr": "Our Nets After Use", "object_id": "9", "change_message": "Changed text for text \"Text object\".", "user": 1, "content_type": 9}}, {"pk": 8, "model": "admin.logentry", "fields": {"action_flag": 2, "action_time": "2009-10-04 14:47:41", "object_repr": "Our Nets After Use", "object_id": "9", "change_message": "Changed text for text \"Text object\".", "user": 1, "content_type": 9}}, {"pk": 7, "model": "admin.logentry", "fields": {"action_flag": 1, "action_time": "2009-10-04 10:50:49", "object_repr": "Our Nets After Use", "object_id": "9", "change_message": "", "user": 1, "content_type": 9}}, {"pk": 6, "model": "admin.logentry", "fields": {"action_flag": 2, "action_time": "2009-09-21 17:25:23", "object_repr": "Spanish", "object_id": "2", "change_message": "Changed text1.", "user": 1, "content_type": 20}}, {"pk": 5, "model": "admin.logentry", "fields": {"action_flag": 2, "action_time": "2009-09-21 17:21:26", "object_repr": "Footer object", "object_id": "2", "change_message": "Changed footerText.", "user": 1, "content_type": 12}}, {"pk": 4, "model": "admin.logentry", "fields": {"action_flag": 2, "action_time": "2009-09-01 09:35:13", "object_repr": "English", "object_id": "1", "change_message": "Changed text5.", "user": 1, "content_type": 21}}, {"pk": 3, "model": "admin.logentry", "fields": {"action_flag": 2, "action_time": "2009-09-01 09:34:41", "object_repr": "Spanish", "object_id": "2", "change_message": "Changed text5.", "user": 1, "content_type": 21}}, {"pk": 2, "model": "admin.logentry", "fields": {"action_flag": 2, "action_time": "2009-09-01 09:34:30", "object_repr": "French", "object_id": "3", "change_message": "Changed text5.", "user": 1, "content_type": 21}}, {"pk": 1, "model": "admin.logentry", "fields": {"action_flag": 1, "action_time": "2009-09-01 09:15:49", "object_repr": "Footer object", "object_id": "3", "change_message": "", "user": 1, "content_type": 12}}, {"pk": 1, "model": "pages.page", "fields": {"levelOrder": 1, "absoluteOrder": 0, "customCSS": "", "name": "Home", "publish": true}}, {"pk": 2, "model": "pages.page", "fields": {"levelOrder": 3, "absoluteOrder": 1, "customCSS": "", "name": "The New Method", "publish": true}}, {"pk": 3, "model": "pages.page", "fields": {"levelOrder": 5, "absoluteOrder": 2, "customCSS": "", "name": "Our Nets", "publish": true}}, {"pk": 4, "model": "pages.page", "fields": {"levelOrder": 9, "absoluteOrder": 5, "customCSS": "", "name": "Our Customers", "publish": true}}, {"pk": 5, "model": "pages.page", "fields": {"levelOrder": 7, "absoluteOrder": 4, "customCSS": "", "name": "The Benefits", "publish": true}}, {"pk": 6, "model": "pages.page", "fields": {"levelOrder": 11, "absoluteOrder": 6, "customCSS": "    #box1 {\r\n    width: 754px;\r\n    font-size: 1.2em;\r\n}\r\n\r\n#box1 .same {\r\n    margin-bottom: 45px;\r\n}\r\n\r\n#box1 img {\r\n    margin-bottom: 18px;\r\n}\r\n\r\n#content {\r\n    padding-top: 34px;\r\n    padding-bottom: 70px;\r\n}\r\n", "name": "About Us", "publish": true}}, {"pk": 7, "model": "pages.page", "fields": {"levelOrder": 13, "absoluteOrder": 7, "customCSS": "", "name": "Other Products", "publish": false}}, {"pk": 8, "model": "pages.page", "fields": {"levelOrder": 15, "absoluteOrder": 8, "customCSS": "", "name": "Contact", "publish": false}}, {"pk": 9, "model": "pages.page", "fields": {"levelOrder": 6, "absoluteOrder": 3, "customCSS": "table,td, tr {\r\n  border-width: 0px;\r\n}\r\n\r\ntable {\r\n  font-size: 28px;\r\n  line-height: 1em;\r\n}\r\n\r\ntd.pad {\r\n  padding-top: 10px;\r\n  padding-bottom: 10px;\r\n  padding-right: 10px;\r\n}\r\n\r\ntd.pad2 {\r\n  padding-top: 10px;\r\n  padding-bottom: 10px;\r\n}\r\n\r\n\r\n#content {\r\n  padding-top: 10px;\r\n  padding-bottom: 10px;\r\n}\r\n\r\n        div.container {\r\n            border: 1px solid #414141;\r\n            padding: 1px;\r\n            float: right;\r\n        }\r\n\r\n        div.container object {\r\n           display: block;\r\n        }", "name": "Our Nets After Use", "publish": true}}, {"pk": 1, "model": "pages.pagename", "fields": {"page": 1, "language": 1, "name": "Home"}}, {"pk": 2, "model": "pages.pagename", "fields": {"page": 2, "language": 1, "name": "The New Method"}}, {"pk": 3, "model": "pages.pagename", "fields": {"page": 3, "language": 1, "name": "Our Nets"}}, {"pk": 4, "model": "pages.pagename", "fields": {"page": 4, "language": 1, "name": "Our Customers"}}, {"pk": 5, "model": "pages.pagename", "fields": {"page": 5, "language": 1, "name": "The Benefits"}}, {"pk": 6, "model": "pages.pagename", "fields": {"page": 6, "language": 1, "name": "About Us"}}, {"pk": 7, "model": "pages.pagename", "fields": {"page": 7, "language": 1, "name": "Other Products"}}, {"pk": 8, "model": "pages.pagename", "fields": {"page": 8, "language": 1, "name": "Contact"}}, {"pk": 9, "model": "pages.pagename", "fields": {"page": 1, "language": 3, "name": "Portada"}}, {"pk": 10, "model": "pages.pagename", "fields": {"page": 2, "language": 3, "name": "El Nuevo M\u00e9todo"}}, {"pk": 11, "model": "pages.pagename", "fields": {"page": 3, "language": 3, "name": "Nuestras Redes"}}, {"pk": 12, "model": "pages.pagename", "fields": {"page": 5, "language": 3, "name": "Los Beneficios"}}, {"pk": 13, "model": "pages.pagename", "fields": {"page": 4, "language": 3, "name": "Nuestros Clientes"}}, {"pk": 14, "model": "pages.pagename", "fields": {"page": 6, "language": 3, "name": "Sobre Nosotros"}}, {"pk": 15, "model": "pages.pagename", "fields": {"page": 1, "language": 5, "name": "Accueil"}}, {"pk": 16, "model": "pages.pagename", "fields": {"page": 2, "language": 5, "name": "La Nouvelle M\u00e9thode"}}, {"pk": 17, "model": "pages.pagename", "fields": {"page": 3, "language": 5, "name": "Nos Filets"}}, {"pk": 18, "model": "pages.pagename", "fields": {"page": 5, "language": 5, "name": "Les Avantages"}}, {"pk": 19, "model": "pages.pagename", "fields": {"page": 4, "language": 5, "name": "Nos Clients"}}, {"pk": 20, "model": "pages.pagename", "fields": {"page": 6, "language": 5, "name": "Qui Sommes-Nous?"}}, {"pk": 21, "model": "pages.pagename", "fields": {"page": 9, "language": 1, "name": "Our Nets After Use"}}, {"pk": 22, "model": "pages.pagename", "fields": {"page": 9, "language": 6, "name": "Netin Okkar Eftir Notkun"}}, {"pk": 23, "model": "pages.pagename", "fields": {"page": 6, "language": 6, "name": "Um Okkur"}}, {"pk": 24, "model": "pages.pagename", "fields": {"page": 1, "language": 6, "name": "Heim"}}, {"pk": 25, "model": "pages.pagename", "fields": {"page": 2, "language": 6, "name": "N\u00fda A\u00f0fer\u00f0in"}}, {"pk": 26, "model": "pages.pagename", "fields": {"page": 3, "language": 6, "name": "Netin Okkar"}}, {"pk": 27, "model": "pages.pagename", "fields": {"page": 5, "language": 6, "name": "Kostirnir"}}, {"pk": 28, "model": "pages.pagename", "fields": {"page": 4, "language": 6, "name": "Vi\u00f0skiptavinir"}}, {"pk": 3, "model": "pages.text", "fields": {"text": "<div id=\"box1\">\r\n<img src=\"http://neptunus.webfactional.com/neptunus_media/img/gallery/title2-2.jpg\" border=\"0\" />\r\n<p>Neptunus is in the business of making fishing easier and more efficient. A company with over 30 years experience in the gill net market. We provide high quality fishing nets and services to exceed customers expectations. Strongly focused on continuous improvement, we monitor and respond to all needs of our customers.</p>\r\n<p class=\"same\">Neptunus has always been developing something new for the fishing industry. Both in fish processing and gill net fishing. The braided floatline as we know it today was first manufactured and put to use by Neptunus in 1978 and in mass production in 1980.</p>\r\n<img src=\"http://neptunus.webfactional.com/neptunus_media/img/gallery/title2-3.jpg\" border=\"0\" width=\"352\" height=\"30\" />\r\n<p>The mission of Neptunus is to make the use of gill nets as simple as possible. To make fishermen independent when it comes to preparing their nets for fishing, reducing their costs enormously in long terms.</p>\r\n<p class=\"same\">Our vision is to have mounting and cutting off done on board bigger boats. Reducing the costly stock of ropes, making more space on board and simplifying, in whole, the process of gill net fishing, at sea.</p>\r\n<img src=\"http://neptunus.webfactional.com/neptunus_media/img/gallery/title3-2.jpg\" border=\"0\" />\r\n<p>The invention of the premounted net on pipes was in development for five years . It has been praised by it's users and has been spreading fast in Scandinavia since 2005. It has been patented in Europe, USA, Russia and Japan.</p>\r\n</div>", "page": 6, "language": 1}}, {"pk": 4, "model": "pages.text", "fields": {"text": "<div id=\"box1\">\r\n<img src=\"http://neptunus.webfactional.com/neptunus_media/img/gallery/title1missionvision.jpg\" border=\"0\" />\r\n<p>Neptunus est\u00e1 en el negocio de hacer m\u00e1s f\u00e1cil  y m\u00e1s eficiente la pesca. Una empresa con m\u00e1s de 30 a\u00f1os de experiencia en el mercado de redes de enmalle. Ofrecemos  redes de pesca y servicios de alta calidad que superan las expectativas de los clientes. Totalmente centrados en la mejora continua ,  supervisamos y atendemos todas las necesidades de nuestros clientes.</p>\r\n\r\n<p>Neptunus siempre ha estado desarrollando algo nuevo para la industria pesquera. Tanto en el procesamiento del pescado como en la pesca con redes de enmalle. El trenzado de l\u00ednea flotante  tal como se conoce actualmente fue fabricado por primera vez y puesto en uso por Neptunus en 1978 y producido en masa en 1980.\r\n</p>\r\n\r\n<img src=\"http://neptunus.webfactional.com/neptunus_media/img/gallery/title2missionvision.jpg\" border=\"0\" />\r\n<p>La misi\u00f3n de Neptunus es hacer que el uso de redes de enmalle sea lo m\u00e1s simple posible. Haciendo a los pescadores independientes cuando van a preparar sus redes para la pesca, reduciendo sus gastos enormemente a largo plazo.</p>\r\n\r\n<p class=\"same\">Nuestra visi\u00f3n es tener el montaje y el corte realizados a bordo de barcos m\u00e1s grandes. Reduciendo las costosas existencias de cuerdas, generando m\u00e1s espacio a bordo y simplificando, en conjunto, el proceso de pesca con redes de enmalle, en el mar.</p>\r\n\r\n<img src=\"http://neptunus.webfactional.com/neptunus_media/img/gallery/title3missionvision.jpg\" border=\"0\" />\r\n<p>El invento de la red premontada sobre tubos estuvo en desarrollo durante 5 a\u00f1os. Ha sido elogiado por sus usuarios y se ha extendido r\u00e1pidamente en Escandinavia desde 2005. Ha sido patentado en Europa, EE.UU. , Rusia y Jap\u00f3n.</p>\r\n</div>", "page": 6, "language": 3}}, {"pk": 5, "model": "pages.text", "fields": {"text": "<div id=\"box1\">\r\n<img src=\"http://neptunus.webfactional.com/neptunus_media/img/gallery/freab1.jpg\" border=\"0\" />\r\n<p>Le r\u00f4le de la soci\u00e9t\u00e9 Neptunus est de rendre la p\u00eache plus facile et plus efficace. Une soci\u00e9t\u00e9 qui a plus de 30 ans d'exp\u00e9rience dans le march\u00e9 du filet maillant. Nous fournissons des filets de p\u00eache de haute qualit\u00e9 et des services qui d\u00e9passent les attentes de nos clients.</p>\r\n<p class=\"same\">Neptunus a toujours \u00e9t\u00e9 \u00e0 la pointe du d\u00e9veloppement de l'industrie de la p\u00eache, notamment dans la transformation du poisson et dans la p\u00eache au filet maillant. Le flotteur tress\u00e9, tel que nous le connaissons aujourd'hui a d'abord \u00e9t\u00e9 fabriqu\u00e9s et mis \u00e0 profit par Neptunus en 1978 puis dans la production de masse en 1980.</p>\r\n<img src=\"http://neptunus.webfactional.com/neptunus_media/img/gallery/freab2.jpg\" border=\"0\" width=\"352\" height=\"30\" />\r\n<p>La mission de Neptunus est de rendre l'usage des filets maillants aussi simple que possible. Permettre aux p\u00eacheurs d\u2019\u00eatre autonome dans la pr\u00e9paration des filets en r\u00e9duisant consid\u00e9rablement leurs co\u00fbts \u00e0 longs termes.</p>\r\n<p class=\"same\">Notre principal objectif est de pouvoir effectuer le montage et le d\u00e9coupage \u00e0 bord de plus gros bateaux. R\u00e9duire au maximum le stock co\u00fbteux de cordes afin de gagner de l\u2019espace \u00e0 bord, simplifier dans son ensemble le processus de filets de p\u00eache, en mer.</p>\r\n<img src=\"http://neptunus.webfactional.com/neptunus_media/img/gallery/freab3.jpg\" border=\"0\" />\r\n<p>Il nous a fallu cinq ans pour d\u00e9velopper l'invention des filets pr\u00e9 mont\u00e9s sur. tuyaux. Elle a \u00e9t\u00e9 salu\u00e9e par nombres de ses utilisateurs et s'est propag\u00e9e rapidement en Scandinavie depuis 2005. Elle a \u00e9t\u00e9 brevet\u00e9e en Europe, aux \u00c9tats-Unis, en Russie et au Japon.</p>\r\n</div>", "page": 6, "language": 5}}, {"pk": 6, "model": "pages.text", "fields": {"text": "<script type=\"text/javascript\">\r\n    var flashvars = {};\r\n    flashvars.file = \"http://neptunus.webfactional.com/neptunus_media/video/spages/afteruseKristrunu.flv\";\r\n    flashvars.controlbar = \"over\";\r\n    flashvars.image = \"http://neptunus.webfactional.com/sameDomain6/afterimg1.jpg\";\r\n    flashvars.bufferlength = \"10\";\r\n    var params = {};\r\n    params.allowfullscreen = \"true\";\r\n    var attributes = {};\r\n    attributes.id = \"myFlashContent\";\r\n    attributes.name = \"myFlashContent\";\r\n    swfobject.embedSWF(\"http://neptunus.webfactional.com/sameDomain6/player.swf\", \"myAlternativeContent\", \"320\", \"240\", \"9.0.0\", false, flashvars, params, attributes);\r\n</script>\r\n\r\n<script type=\"text/javascript\">\r\n    var flashvars = {};\r\n    flashvars.file = \"http://neptunus.webfactional.com/neptunus_media/video/spages/afteruseSANYO160.flv\";\r\n    flashvars.controlbar = \"over\";\r\n    flashvars.image = \"http://neptunus.webfactional.com/sameDomain6/afterimg2.jpg\";\r\n    flashvars.bufferlength = \"10\";\r\n    var params = {};\r\n    params.allowfullscreen = \"true\";\r\n    var attributes = {};\r\n    attributes.id = \"myFlashContent2\";\r\n    attributes.name = \"myFlashContent2\";\r\n    swfobject.embedSWF(\"http://neptunus.webfactional.com/sameDomain6/player.swf\", \"myAlternativeContent2\", \"320\", \"240\", \"9.0.0\", false, flashvars, params, attributes);\r\n</script>\r\n\r\n<table border=\"1\">\r\n<tr>\r\n<td class=\"pad\">\r\n<div class=\"container\">\r\n<div id=\"myAlternativeContent\">\r\n<a href=\"http://www.adobe.com/go/getflashplayer\">get flash player</a>\r\n</div>\r\n</div>\r\n</td>\r\n<td valign=\"top\" class=\"pad2\">\r\nIt is clear how well the mounting holds after being hauled so many times and from such great depth (this net was mounted on a double rope).\r\n</td>\r\n</tr>\r\n<tr>\r\n<td class=\"pad\">\r\n<div class=\"container\">\r\n<div id=\"myAlternativeContent2\">\r\n<a href=\"http://www.adobe.com/go/getflashplayer\">get flash player</a>\r\n</div>\r\n</div>\r\n</td>\r\n<td valign=\"top\" class=\"pad2\">\r\nThis is filmed in Sweden and shows how well the mounting holds after being hauled 30 times.\r\n</td>\r\n</tr>\r\n</table> ", "page": 9, "language": 1}}, {"pk": 7, "model": "pages.text", "fields": {"text": "<script type=\"text/javascript\">\r\n    var flashvars = {};\r\n    flashvars.file = \"http://neptunus.webfactional.com/neptunus_media/video/spages/afteruseKristrunu.flv\";\r\n    flashvars.controlbar = \"over\";\r\n    flashvars.image = \"http://neptunus.webfactional.com/sameDomain6/afterimg1.jpg\";\r\n    flashvars.bufferlength = \"10\";\r\n    var params = {};\r\n    params.allowfullscreen = \"true\";\r\n    var attributes = {};\r\n    attributes.id = \"myFlashContent\";\r\n    attributes.name = \"myFlashContent\";\r\n    swfobject.embedSWF(\"http://neptunus.webfactional.com/sameDomain6/player.swf\", \"myAlternativeContent\", \"320\", \"240\", \"9.0.0\", false, flashvars, params, attributes);\r\n</script>\r\n\r\n<script type=\"text/javascript\">\r\n    var flashvars = {};\r\n    flashvars.file = \"http://neptunus.webfactional.com/neptunus_media/video/spages/afteruseSANYO160.flv\";\r\n    flashvars.controlbar = \"over\";\r\n    flashvars.image = \"http://neptunus.webfactional.com/sameDomain6/afterimg2.jpg\";\r\n    flashvars.bufferlength = \"10\";\r\n    var params = {};\r\n    params.allowfullscreen = \"true\";\r\n    var attributes = {};\r\n    attributes.id = \"myFlashContent2\";\r\n    attributes.name = \"myFlashContent2\";\r\n    swfobject.embedSWF(\"http://neptunus.webfactional.com/sameDomain6/player.swf\", \"myAlternativeContent2\", \"320\", \"240\", \"9.0.0\", false, flashvars, params, attributes);\r\n</script>\r\n\r\n<table border=\"1\">\r\n<tr>\r\n<td class=\"pad\">\r\n<div class=\"container\">\r\n<div id=\"myAlternativeContent\">\r\n<a href=\"http://www.adobe.com/go/getflashplayer\">get flash player</a>\r\n</div>\r\n</div>\r\n</td>\r\n<td valign=\"top\" class=\"pad2\">\r\n\u00deetta video s\u00fdnir auglj\u00f3slega hversu vel fellingin heldur eftir a\u00f0 hafa veri\u00f0 dregi\u00f0 af 700 metra d\u00fdpi 10 sinnum (ath. neti\u00f0 er fellt \u00e1 tv\u00f6faldann tein a\u00f0 ofan og ne\u00f0an  ).\r\n</td>\r\n</tr>\r\n<tr>\r\n<td class=\"pad\">\r\n<div class=\"container\">\r\n<div id=\"myAlternativeContent2\">\r\n<a href=\"http://www.adobe.com/go/getflashplayer\">get flash player</a>\r\n</div>\r\n</div>\r\n</td>\r\n<td valign=\"top\" class=\"pad2\">\r\n\u00deetta video er teki\u00f0 \u00ed Sv\u00ed\u00fej\u00f3\u00f0 og s\u00fdnir hversu vel fellingin heldur eftir a\u00f0 hafa veri\u00f0 dregi\u00f0 30 sinnum \u00e1 svona gr\u00f6nnum teinum.\r\n</td>\r\n</tr>\r\n</table> ", "page": 9, "language": 6}}, {"pk": 8, "model": "pages.text", "fields": {"text": "<div id=\"box1\">\r\n<img src=\"http://neptunus.webfactional.com/neptunus_media/img/gallery/fyrirtaekid.jpg\" border=\"0\" />\r\n<p>Nept\u00fanus er me\u00f0 yfir \u00ferj\u00e1t\u00edu \u00e1ra reynslu \u00e1 svi\u00f0i netavei\u00f0a. Vi\u00f0 seljum net b\u00e6\u00f0i fr\u00e1 K\u00edna og T\u00e6landi.</p>\r\n<p>Vi\u00f0 h\u00f6fum alltaf veri\u00f0 a\u00f0 reyna a\u00f0 skapa n\u00fdjungar fyrir marka\u00f0inn. B\u00e6\u00f0i fyrir fiskvinnslu og netavei\u00f0ar. Flotteinnin eins og vi\u00f0 \u00feekkjum hann \u00ed dag var fyrst framleiddur af okkur \u00e1ri\u00f0 1978, og \u00ed fj\u00f6ldaframlei\u00f0slu \u00e1ri\u00f0 1980.</p>\r\n\r\n<img src=\"http://neptunus.webfactional.com/neptunus_media/img/gallery/uppfynningin.jpg\" border=\"0\" />\r\n<p>N\u00fdja fellingin okkar var \u00ed \u00fer\u00f3un \u00ed fimm \u00e1r. H\u00fan hefur hloti\u00f0 fr\u00e1b\u00e6rar vi\u00f0t\u00f6kur fr\u00e1 vi\u00f0skiptavinum okkar. A\u00f0fer\u00f0in hefur hasla\u00f0 s\u00e9r v\u00f6ll \u00ed Skandinav\u00edu og v\u00ed\u00f0ar \u00ed Evr\u00f3pu s\u00ed\u00f0ustu \u00e1rin, og k\u00fannah\u00f3purinn st\u00e6kkar \u00f6rt. </p>\r\n<p>Vi\u00f0 erum me\u00f0 einkaleyfi \u00e1 hugmyndinni.</p>\r\n</div>", "page": 6, "language": 6}}, {"pk": 1, "model": "pages.footer", "fields": {"footerText": "Neptunus ehf. - H\u00f3lmasl\u00f3\u00f0 6 - 101 Reykjav\u00edk - Iceland - Tel:+354-552-1380 - Cell:+354-864-4343 - e-mail:xneptun@simnet.is", "language": 1}}, {"pk": 2, "model": "pages.footer", "fields": {"footerText": "Neptunus ehf. - H\u00f3lmasl\u00f3\u00f0 6 - 101 Reykjav\u00edk \u2013 Islandia(Iceland) - Tel:+354-552-1380 - M\u00f3vil:+354-864-4343 - Correo electr\u00f3nico: xneptun@simnet.is", "language": 3}}, {"pk": 3, "model": "pages.footer", "fields": {"footerText": "Neptunus ehf. - H\u00f3lmasl\u00f3\u00f0 6 - 101 Reykjav\u00edk - Iceland - Tel:+354-552-1380 - Cell:+354-864-4343 - e-mail:xneptun@simnet.is", "language": 5}}, {"pk": 4, "model": "pages.footer", "fields": {"footerText": "Neptunus ehf. - H\u00f3lmasl\u00f3\u00f0 6 - 101 Reykjav\u00edk - \u00cdsland - S\u00edmi:552-1380 - Gemsi:864-4343 - e-mail:xneptun@simnet.is", "language": 6}}, {"pk": 1, "model": "pages.logo", "fields": {"default": true, "image": "img/logos/logo2_.png", "name": "logo1"}}, {"pk": 1, "model": "gallery.imagegallery", "fields": {"image": "img/gallery/title2-3.jpg", "name": "title2-3"}}, {"pk": 2, "model": "gallery.imagegallery", "fields": {"image": "img/gallery/title2-2.jpg", "name": "about1"}}, {"pk": 3, "model": "gallery.imagegallery", "fields": {"image": "img/gallery/title3-2.jpg", "name": "abour3"}}, {"pk": 4, "model": "gallery.imagegallery", "fields": {"image": "img/gallery/title1-spansk.jpg", "name": "ben_title_spanjola"}}, {"pk": 5, "model": "gallery.imagegallery", "fields": {"image": "img/gallery/title1missionvision.jpg", "name": "about1Span"}}, {"pk": 6, "model": "gallery.imagegallery", "fields": {"image": "img/gallery/title2missionvision.jpg", "name": "about2Span"}}, {"pk": 7, "model": "gallery.imagegallery", "fields": {"image": "img/gallery/title3missionvision.jpg", "name": "about3Span"}}, {"pk": 8, "model": "gallery.imagegallery", "fields": {"image": "img/gallery/title1.jpg", "name": "benTitleEn"}}, {"pk": 9, "model": "gallery.imagegallery", "fields": {"image": "img/gallery/title.jpg", "name": "title_ben_fren"}}, {"pk": 10, "model": "gallery.imagegallery", "fields": {"image": "img/gallery/freab1.jpg", "name": "freabout1"}}, {"pk": 11, "model": "gallery.imagegallery", "fields": {"image": "img/gallery/freab2.jpg", "name": "freabout2"}}, {"pk": 12, "model": "gallery.imagegallery", "fields": {"image": "img/gallery/freab3.jpg", "name": "freabout3"}}, {"pk": 13, "model": "gallery.imagegallery", "fields": {"image": "img/gallery/kostirtitle.jpg", "name": "kostirtitle"}}, {"pk": 14, "model": "gallery.imagegallery", "fields": {"image": "img/gallery/1000isl.jpg", "name": "1000isl"}}, {"pk": 15, "model": "gallery.imagegallery", "fields": {"image": "img/gallery/fyrirtaekid.jpg", "name": "aboutis1"}}, {"pk": 16, "model": "gallery.imagegallery", "fields": {"image": "img/gallery/uppfynningin.jpg", "name": "aboutis2"}}, {"pk": 1, "model": "gallery.videogallery", "fields": {"name": "staticTest", "swf": "video/gallery/benVideo.swf", "flv1": "video/gallery/ben.flv", "flv2": "", "flv3": "", "flv4": "", "flv5": "", "flv6": ""}}, {"pk": 2, "model": "gallery.videogallery", "fields": {"name": "benNeutral", "swf": "", "flv1": "video/gallery/bennew1.flv", "flv2": "", "flv3": "", "flv4": "", "flv5": "", "flv6": ""}}, {"pk": 1, "model": "languages.language", "fields": {"default": true, "flag": "img/flags/united_kingdom.png", "publish": true, "language": "English"}}, {"pk": 5, "model": "languages.language", "fields": {"default": false, "flag": "img/flags/Flag_of_France.png", "publish": true, "language": "French"}}, {"pk": 3, "model": "languages.language", "fields": {"default": false, "flag": "img/flags/spain.png", "publish": true, "language": "Spanish"}}, {"pk": 6, "model": "languages.language", "fields": {"default": false, "flag": "img/flags/icelandic-flag.png", "publish": true, "language": "Icelandic"}}, {"pk": 1, "model": "languages.languagegod", "fields": {"language": "English"}}, {"pk": 5, "model": "languages.languagegod", "fields": {"language": "French"}}, {"pk": 3, "model": "languages.languagegod", "fields": {"language": "Spanish"}}, {"pk": 6, "model": "languages.languagegod", "fields": {"language": "Icelandic"}}, {"pk": 1, "model": "languages.languagename", "fields": {"translation": "English", "language": 1, "la": 1}}, {"pk": 5, "model": "languages.languagename", "fields": {"translation": "Spanish", "language": 1, "la": 3}}, {"pk": 6, "model": "languages.languagename", "fields": {"translation": "French", "language": 1, "la": 5}}, {"pk": 7, "model": "languages.languagename", "fields": {"translation": "Icelandic", "language": 1, "la": 6}}, {"pk": 1, "model": "specialPages.home", "fields": {"footerImage1": "img/spages/footer__.jpg", "name": "home", "language": 1, "swf1": "video/spages/homeVideo_______________.swf", "swf1Height": 189, "title2": "M/S Loran. Norway", "text2": "<p>\"We wanted to try out The Neptunus way of mounting about four years ago. Today we only use these outstanding nets.\" - St&aring;le Dyb. Captain</p>", "title1": "img/spages/title1-2.jpg", "swf1Width": 561, "text1": "<p>Neptunus has been one of the leading forces on the Icelandic fishnet market, since 1974, and was the first company in the world to manufacture the float rope as we know it today.</p>\r\n<p> Neptunus has taken a big step forward by inventing a new way of mounting fishing nets faster, easier and more efficiently. Many customers report catching more fish with the new method.</p>\r\n<p>Over two hundred thousand nets have already been sold to various customers in Norway, the Faroe Islands and Iceland. Everybody agrees the results are outstanding, making the Neptunus way of mounting the only truly modern solution for preparing fishing nets.</p>", "image2": "img/spages/video_.jpg", "image1": "img/spages/video1-6.jpg", "page": 1, "flv1": "video/spages/homenew2.flv"}}, {"pk": 2, "model": "specialPages.home", "fields": {"footerImage1": "img/spages/footer1.jpg", "name": "home", "language": 3, "swf1": "video/spages/homeVideo__.swf", "swf1Height": 189, "title2": "M/S LORAN. NORUEGA", "text2": "<p>\u201cQuer\u00edamos probar la forma de montaje de Neptunus hace unos cuatro a\u00f1os. Hoy en d\u00eda s\u00f3lo utilizamos estas redes excepcionales\u201d. St\u00e5le Dyb, Capit\u00e1n.</p>", "title1": "img/spages/title1___________.jpg", "swf1Width": 561, "text1": "<p>Neptunus ha sido una de las principales fuerzas en el mercado de pesca con red de Islandia, desde 1974, y fue la primera empresa en el mundo en fabricar la relinga de corchos tal como la conocemos actualmente.</p>\r\n\r\n<p>Neptunus ha dado un gran paso adelante con la invenci\u00f3n de una nueva forma de montaje de redes de pesca m\u00e1s r\u00e1pido, m\u00e1s f\u00e1cil y mucho m\u00e1s eficiente. Muchos clientes dicen haber capturado m\u00e1s peces con el nuevo m\u00e9todo.</p>\r\n\r\n<p>M\u00e1s de doscientas mil redes ya han sido vendidas a diversos clientes en Noruega, las Islas Faroe e Islandia. Todos est\u00e1n de acuerdo en que los resultados son excepcionales, haciendo de la nueva forma de montaje de Neptunus  la \u00fanica verdadera soluci\u00f3n moderna para la preparaci\u00f3n de redes de pesca.</p>", "image2": "img/spages/vc2_____.jpg", "image1": "img/spages/video1-6_.jpg", "page": 1, "flv1": "video/spages/home_spanish.flv"}}, {"pk": 3, "model": "specialPages.home", "fields": {"footerImage1": "img/spages/foot.jpg", "name": "home", "language": 5, "swf1": "", "swf1Height": 189, "title2": "M/S Loran. Norv\u00e8ge", "text2": "<p>\u201cIl ya environ 4 ans, nous avons voulu essayer la m\u00e9thode de montage Neptunus. Aujourd'hui, nous n'utilisons plus que ces filets exceptionnels.\u201d - St\u00e5le Dyb. Capitaine.</p>", "title1": "img/spages/title.jpg", "swf1Width": 561, "text1": "<p>Depuis 1974, Neptunus est l'une des principales forces sur le march\u00e9 de la p\u00eache islandaise, et elle a \u00e9t\u00e9 la premi\u00e8re soci\u00e9t\u00e9 au monde \u00e0 fabriquer la corde flotteur telle que nous la connaissons aujourd\u2019hui.</p>\r\n<p> Neptunus a fait un grand pas en avant en inventant une nouvelle fa\u00e7on de monter les filets de p\u00eache: plus rapide, plus facile et plus efficace. Beaucoup de clients qui ont test\u00e9s cette nouvelle m\u00e9thode, ont vu leur taux de p\u00eache litt\u00e9ralement augment\u00e9.</p>\r\n<p>Plus de deux cent mille filets ont d\u00e9j\u00e0 \u00e9t\u00e9 vendus\u00a0en Europe, en Norv\u00e8ge, aux \u00eeles F\u00e9ro\u00e9 et en Islande. Tout le monde est d\u2019avis pour dire que la m\u00e9thode de montage Neptunus est la seule v\u00e9ritable solution moderne pour la pr\u00e9paration des filets de p\u00eache. </p>", "image2": "img/spages/img2.jpg", "image1": "img/spages/video1-6__.jpg", "page": 1, "flv1": "video/spages/home.flv"}}, {"pk": 4, "model": "specialPages.home", "fields": {"footerImage1": "img/spages/footerSmall.jpg", "name": "home", "language": 6, "swf1": "video/spages/homeVideo________________.swf", "swf1Height": 189, "title2": "M/S Loran, Noregi.", "text2": "\u201cVi\u00f0 vildum reyna n\u00fdju a\u00f0fer\u00f0ina fr\u00e1 Nept\u00fanusi fyrir \u00fe\u00f3nokkrum \u00e1rum s\u00ed\u00f0an. \u00cd dag notum vi\u00f0 eing\u00f6ngu \u00feessi fram\u00farskarandi net.\u201d \u2013 Stale Dyb, skipstj\u00f3ri.", "title1": "img/spages/homekomma.jpg", "swf1Width": 561, "text1": "<p>Nept\u00fanus ehf hefur veri\u00f0 lei\u00f0andi afl \u00e1 \u00edslenskum vei\u00f0af\u00e6ramarka\u00f0i s\u00ed\u00f0an 1974 og var fyrsta fyrirt\u00e6ki\u00f0 \u00ed heiminum til \u00feess a\u00f0 fj\u00f6ldaframlei\u00f0a flotteina eins og vi\u00f0 \u00feekkjum \u00fe\u00e1 \u00ed dag.</p>\r\n<p> Nept\u00fanus ehf. hefur teki\u00f0 st\u00f3rt skref fram \u00e1 vi\u00f0 me\u00f0 uppg\u00f6tvun \u00e1 n\u00fdrri a\u00f0fer\u00f0 til \u00feess a\u00f0 fella net, hra\u00f0ar, og au\u00f0veldar. Margir vi\u00f0skiptavinir halda \u00fev\u00ed fram a\u00f0 \u00feeir vei\u00f0i betur me\u00f0 n\u00fdju a\u00f0fer\u00f0inni.</p>\r\n<p>Fj\u00f6ldi neta hafa \u00feegar veri\u00f0 seld til Noregs, F\u00e6reyja og \u00cdslands. Allir eru samm\u00e1la um a\u00f0 mikill \u00e1rangur hl\u00fdst af notkun n\u00fdju fellingarinnar sem gerir hana a\u00f0 fram\u00farskarandi lausn vi\u00f0 fellingu.</p>", "image2": "img/spages/home2Small.jpg", "image1": "img/spages/video1-6___.jpg", "page": 1, "flv1": "video/spages/homenew2__.flv"}}, {"pk": 1, "model": "specialPages.method", "fields": {"name": "method", "language": 1, "swf1": "video/spages/methodVideoAC2_____.swf", "swf1Height": 217, "text5": "", "flv2": "video/spages/med400new.flv", "text3": "<p>It takes about 8 min. to mount 54 meters top and bottom (108 m.) 7 min. to prepare. Total=4 nets per hour</p>", "text2": "<p>You can mount 3 nets per hour with this method. 54 meters top and bottom (108m.)</p>", "title1": "img/spages/title1_____.jpg", "swf1Width": 385, "text1": "<p>Neptunus offers three ways of mounting nets. The new equipment for mounting by hand is based on two methods shown in the videos below. One is by using a reel and the other is by pulling the mounting line straight with hands.The equipment slightly tilts the knots so they don't move while transporting.There is no need to harden the knots because the mounting line holds them in their right position. The most important thing when mounting is to secure that the mounting line is longer than the rope to be mounted on. Therefore all the mounting is done by pulling the mounting line, not the rope!</p>", "text4": "<p>Two men can mount and fully prepare 8 nets per hour, 54 meters top and bottom (108 m.)(mounting time=4 min. preparing time =3 min.)</p>", "swf2": "video/spages/methodVideoAC2Start_.swf", "image3": "img/spages/vc3-4.jpg", "image2": "img/spages/vc2-2.jpg", "image1": "img/spages/vc1-3.jpg", "flv3": "video/spages/med1500new.flv", "page": 2, "flv1": "video/spages/med200new.flv"}}, {"pk": 4, "model": "specialPages.method", "fields": {"name": "method", "language": 6, "swf1": "video/spages/methodVideoAC2_______.swf", "swf1Height": 217, "text5": "", "flv2": "video/spages/med400new__.flv", "text3": "<p>Tekur um \u00fea\u00f0 bil 8 m\u00edn\u00fatur a\u00f0 fella 54 metra, uppi og ni\u00f0ri (108 metrar), auk 7 m\u00edn\u00fatna \u00ed undirb\u00faning. Samtals \u00fev\u00ed h\u00e6gt a\u00f0 fella 4 net \u00e1 klukkustund.</p>", "text2": "<p>\u00de\u00fa getur fellt 3 net \u00e1 klukkustund me\u00f0 \u00feessari a\u00f0fer\u00f0, 54 metra uppi og ni\u00f0ri (samtals 108 metrar).</p>", "title1": "img/spages/title1methodSmall.jpg", "swf1Width": 385, "text1": "<p>Nept\u00fanus b\u00fd\u00f0ur fj\u00f3rar lei\u00f0ir \u00ed fellingu neta. Tvenns konar b\u00fana\u00f0 m\u00e1 nota til \u00feess a\u00f0 fella me\u00f0 h\u00f6ndum og m\u00e1 sj\u00e1 \u00fe\u00e6r \u00e1 myndskei\u00f0unum h\u00e9r a\u00f0 ne\u00f0an. Me\u00f0 \u00f6\u00f0rum \u00feeirra er nota\u00f0 sn\u00faningshj\u00f3l en hinum er fellil\u00ednan dregin fram me\u00f0 h\u00f6ndum. B\u00fana\u00f0urinn festir hn\u00fatana lauslega svo \u00feeir flytja sig ekki \u00ed flutningi. Ekki er \u00e1st\u00e6\u00f0a til \u00feess a\u00f0 sv\u00ednher\u00f0a  hn\u00fatana s\u00e9rstaklega, \u00fev\u00ed fellil\u00ednan heldur \u00feeim \u00e1 r\u00e9ttum sta\u00f0. Mikilv\u00e6gast er a\u00f0 tryggja a\u00f0 fellil\u00ednan s\u00e9 lengri en teinninn sem fellt er \u00e1. Fellingin er \u00fev\u00ed framkv\u00e6md me\u00f0 \u00fev\u00ed a\u00f0 draga \u00ed fellil\u00ednuna en ekki teininn.</p>", "text4": "<p>Tveir menn geta fellt og fullb\u00fai\u00f0 8 net \u00e1 klukkustund, 54 metra uppi og ni\u00f0ri (108 metrar). Samtals 4 m\u00edn\u00fatur \u00ed fellingu og 3 m\u00edn\u00fatur \u00ed undirb\u00faning.</p>", "swf2": "video/spages/methodVideoAC2Start___.swf", "image3": "img/spages/1500isl.jpg", "image2": "img/spages/400isl.jpg", "image1": "img/spages/200isl.jpg", "flv3": "video/spages/med1500new__.flv", "page": 2, "flv1": "video/spages/med200new__.flv"}}, {"pk": 2, "model": "specialPages.method", "fields": {"name": "method", "language": 3, "swf1": "video/spages/methodVideoAC2______.swf", "swf1Height": 217, "text5": "", "flv2": "video/spages/ec400nit.flv", "text3": "Se tarda unos 8 minutos en montar 54 metros superior e inferior (108 m.) 7 minutos de preparaci\u00f3n. Total= 4 redes por hora.", "text2": "Usted puede montar 3 redes por hora con este m\u00e9todo. 54 metros superior e inferior (108 m.).", "title1": "img/spages/title1____________.jpg", "swf1Width": 385, "text1": "<p>Neptunus ofrece tres modos de montaje a redes. El nuevo equipo para el montaje de mano se basa en dos m\u00e9todos que se muestran en los v\u00eddeos a continuaci\u00f3n. Uno de ellos es mediante el uso de un carrete y el otro es tirando de la l\u00ednea de montaje directamente con las manos. El equipo inclina ligeramente los nudos para que no se muevan durante el transporte. No es necesario endurecer los nudos por que la l\u00ednea de montaje los mantiene en la posici\u00f3n correcta. Lo m\u00e1s importante es garantizar que la l\u00ednea de montaje sea m\u00e1s larga que la cuerda en la que va montada. iPor lo tanto, todo el montaje se hace tirando de la l\u00ednea de montaje y no de la cuerda!</p>", "text4": "Dos hombres pueden montar y preparar por completo 8 redes por hora, 54 metros superior e inferior (108 m.) (tiempo de montaje= 4 minutos. Tiempo de preparaci\u00f3n= 3 minutos).", "swf2": "video/spages/methodVideoAC2Start__.swf", "image3": "img/spages/vc3____.jpg", "image2": "img/spages/vc2____.jpg", "image1": "img/spages/vc1____.jpg", "flv3": "video/spages/ec1500nit.flv", "page": 2, "flv1": "video/spages/ec200nit.flv"}}, {"pk": 3, "model": "specialPages.method", "fields": {"name": "method", "language": 5, "swf1": "", "swf1Height": 217, "text5": "", "flv2": "video/spages/ec400.flv", "text3": "<p>Il faut environ 8 minutes pour monter 54 m\u00e8tres en haut et en bas (108 m.) 7 minutes pour se pr\u00e9parer. Total = 4 filets par heure</p>", "text2": "<p>Vous pouvez monter 3 filets par heure avec cette m\u00e9thode. 54 m\u00e8tres en haut et en bas (108m)</p>", "title1": "img/spages/title_.jpg", "swf1Width": 385, "text1": "<p>La m\u00e9thode Neptunus propose trois fa\u00e7ons de monter les filets. Le nouveau mat\u00e9riel pour le montage \u00e0 la main est bas\u00e9 sur deux m\u00e9thodes montr\u00e9es dans les vid\u00e9os ci-dessous. La premi\u00e8re est l\u2019utilisation  d\u2019une bobine, la deuxi\u00e8me consiste \u00e0 tirer sur la ligne de montage directement avec les mains. L\u2019\u00e9quipement incline l\u00e9g\u00e8rement les n\u0153uds afin qu'ils ne bougent pas pendant le transport. Il n'est pas n\u00e9cessaire de durcir les noeuds, la ligne de montage les maintient dans la bonne position. La chose la plus importante lors du montage est de s\u2019assurer que la ligne de montage est plus longue que la corde qui doit \u00eatre mont\u00e9e. Par cons\u00e9quent, tous les montages se font en tirant sur la ligne de montage, et non sur la corde!</p>", "text4": "<p>Deux hommes peuvent monter et pr\u00e9parer enti\u00e8rement 8 filets par heure, 54 m\u00e8tres en haut et en bas (108 m.) (montage = 4 min. Temps de pr\u00e9paration = 3 min.)</p>", "swf2": "", "image3": "img/spages/vc3_____.jpg", "image2": "img/spages/vc2______.jpg", "image1": "img/spages/vc1_____.jpg", "flv3": "video/spages/ec1500.flv", "page": 2, "flv1": "video/spages/ec200.flv"}}, {"pk": 1, "model": "specialPages.nets", "fields": {"listNumber2": "Mesh size SQ (knot to knot) or ST (stretched full mesh).", "listNumber3": "Depth of netting in meshes.", "listNumber1": "Twine size, and type of twine, multi, multimono, and monofilament. ", "listNumber6": "Length of loops required, top and bottom.", "listNumber7": "Length of rope to be mounted on, top and bottom (can be different).", "listNumber4": "Length of netting stretched in meters or yards or the amount of meshes.", "listNumber5": "With sideline sewed on to the sidemeshes, with loops top-bottom both ends, or not.", "swf1Height": 152, "listNumber9": "Diameter of the rope, top and bottom, with and without splice. ", "swf1": "video/spages/netsVideo___.swf", "listNumber8": "Distance between fastenings (loops), on to the ropes, top and bottom, quantity of loose meshes between loops, top and bottom.", "text2": "<p>This video shows how the combination of the mounting line and the knots holds the net in it's place.</p>", "text3": "<p>When the net is being stretched underwater the meshes between the knots take the pressure together, instead of just one.</p>", "title2": "img/spages/netsTitle2__.jpg", "text1": "<p>All nets from Neptunus are premounted on pipes. There are various options to order the nets, see the text below to the right. Please don't hesitate to send us a question if you have one. The nets are made in China and Thailand with the highest quality in the business.</p>", "text4": "<p>For Trammelnets: Same information as items 1-9 for all 3 panels. It's possible to have a line or lines through every mesh from top to bottom mounting line (see drawing), with any distance and quantity of lines. There is also a possibility to have the loops in different lengths from bottom rope up to the net, to avoid crabs and other bottom species.</p>", "image3": "img/spages/netsImage3-1-3.jpg", "image2": "img/spages/netsImage3-3.jpg", "image1": "img/spages/netsImage2__.jpg", "image5": "img/spages/netsImage5__.jpg", "image4": "img/spages/netsImage4__.jpg", "name": "nets", "language": 1, "title1": "img/spages/netsTitle1__.jpg", "swf1Width": 270, "flv1": "video/spages/netsnew.flv", "title3": "For premounted nets we need additinal information as follows: ", "page": 3}}, {"pk": 2, "model": "specialPages.nets", "fields": {"listNumber2": "Tama\u00f1o de malla SQ (nudo a nudo) o ST (malla completamente estirada).", "listNumber3": "Profundidad del tejido en las mallas.", "listNumber1": "Tama\u00f1o de cuerda y el tipo de cuerda, multi, multimono, y monofilamento.", "listNumber6": "Longitud de lazadas requerida, superior e inferior (fondo).", "listNumber7": "Longitud de la cuerda sobre la que va montada la red, superior e inferior (puede ser diferente).", "listNumber4": "Longitud del tejido extendido en metros o yardas o por cantidad de mallas.", "listNumber5": "Con l\u00ednea lateral tejida sobre los lados de las redes, con lazadas arriba y abajo en los dos extremos, o no.", "swf1Height": 152, "listNumber9": "Di\u00e1metro de la cuerda, superior e inferior, con o sin empalmes.", "swf1": "video/spages/netsVideo____.swf", "listNumber8": "Distancia entre sujeciones (lazadas) sobre las cuerdas, superior e inferior, la cantidad de mallas sueltas entre las lazadas, superior e inferior.", "text2": "<p>Este v\u00eddeo muestra c\u00f3mo la combinaci\u00f3n de la l\u00ednea de montaje y los nudos mantienen la red en su lugar.</p>", "text3": "<p>Cuando la red es extendida bajo el agua las mallas entre los nudos toman la presi\u00f3n en conjunto, en lugar de cada una aislada.</p>", "title2": "img/spages/title2.jpg", "text1": "<p>Todas las redes de Neptunus son premontadas sobre tubos. Hay varias opciones para pedir las redes, ver el texto abajo a la derecha. Por favor, no dude en enviarnos una pregunta, si tiene alguna. Las redes son hechas en China y Tailandia con la m\u00e1s alta calidad en el negocio de la pesca.</p>", "text4": "<p>PARA REDES DE ARRASTRE: La misma informaci\u00f3n que los puntos  1-9 para los 3 paneles. Es posible disponer de una cuerda o cuerdas a trav\u00e9s de cada malla de arriba a abajo en la l\u00ednea de montaje (ver dibujo), con cualquier distancia y cantidad de cuerdas. Existe tambi\u00e9n la posibilidad de tener las lazadas en diferentes longitudes desde la cuerda de fondo hasta la red, para evitar los cangrejos y otras especies de fondo.</p>", "image3": "img/spages/netsImage2___.jpg", "image2": "img/spages/netsImage1.jpg", "image1": "img/spages/netsImage2____.jpg", "image5": "img/spages/netsImage5___.jpg", "image4": "img/spages/netsImage4___.jpg", "name": "nets", "language": 3, "title1": "img/spages/title1_____________.jpg", "swf1Width": 270, "flv1": "video/spages/netsnew_.flv", "title3": "PARA EL PREMONTAJE DE REDES NECESITAMOS LA INFORMACI\u00d3N ADICIONAL QUE SE DETALLA A CONTINUACI\u00d3N:", "page": 3}}, {"pk": 3, "model": "specialPages.nets", "fields": {"listNumber2": "Taille maillage SQ (noeud \u00e0 noeud) ou ST (maille \u00e9tir\u00e9e enti\u00e8rement)", "listNumber3": "Profondeur des filets dans les mailles.", "listNumber1": "Taille ficelle, type de fil, multi, MULTIMONO, et en mono filament.", "listNumber6": "Longueur des boucles, en haut et en bas.", "listNumber7": "Longueur de corde \u00e0 \u00eatre mont\u00e9 dessus, en haut et en bas (La longueur peut \u00eatre diff\u00e9rente).", "listNumber4": "Longueur de filet tendu en m\u00e8tres ou en yards ou par nombre de mailles.", "listNumber5": "Avec l'\u00e9cart cousu sur le c\u00f4t\u00e9 des mailles, avec des boucles en haut et en bas sur les deux extr\u00e9mit\u00e9s, ou non.", "swf1Height": 152, "listNumber9": "Diam\u00e8tre de la corde, en haut et en bas, avec ou sans \u00e9pissure.", "swf1": "", "listNumber8": "Distance entre les attaches (boucles), sur les cordes, en haut et en bas, la quantit\u00e9 de mailles l\u00e2ches entre les anses, en haut et en bas.", "text2": "<p>Cette vid\u00e9o montre comment la combinaison de la ligne de montage et les noeuds maintiennent le filet \u00e0 sa place.</p>", "text3": "<p>Quand le filet est tendu sous l'eau, ce n\u2019est pas une, mais toutes les mailles entre les noeuds qui prennent la pression.</p>", "title2": "img/spages/title2_.jpg", "text1": "<p>Tous les filets de Neptunus sont pr\u00e9 mont\u00e9s sur des tuyaux. Il existe diverses options pour commander les filets, voir le texte ci-dessous \u00e0 droite. N'h\u00e9sitez pas \u00e0 nous contacter pour toute information compl\u00e9mentaire. Les filets sont fabriqu\u00e9s en Chine et en Tha\u00eflande, avec du mat\u00e9riel de tr\u00e8s haute qualit\u00e9.</p>", "text4": "<p>Pour les Tr\u00e9mails: m\u00eames informations que les points 1-9 pour les 3 groupes. Il est possible d'avoir une ligne ou des lignes \u00e0 travers toutes les mailles du haut vers le bas de la ligne de montage, du montage en ligne\u00a0(voir dessin), avec n\u2019importe quelles distances et le nombre de lignes d\u00e9sir\u00e9es. Il existe \u00e9galement une possibilit\u00e9 d'avoir les boucles en diff\u00e9rentes longueurs de corde en bas jusqu\u2019au filet, afin d\u2019\u00e9viter les crabes et autres esp\u00e8ces de fonds</p>", "image3": "img/spages/img2__.jpg", "image2": "img/spages/img1_.jpg", "image1": "img/spages/netsImage2_____.jpg", "image5": "img/spages/netsImage5____.jpg", "image4": "img/spages/netsImage4____.jpg", "name": "nets", "language": 5, "title1": "img/spages/title1_______________.jpg", "swf1Width": 270, "flv1": "video/spages/netsnew__.flv", "title3": "Pour les filets pr\u00e9 mont\u00e9s nous avons besoin des informations suivantes: ", "page": 3}}, {"pk": 4, "model": "specialPages.nets", "fields": {"listNumber2": "St\u00e6r\u00f0 m\u00f6skva SQ (hn\u00fat \u00ed hn\u00fat) e\u00f0a ST (fullur m\u00f6skvi).", "listNumber3": "D\u00fdpt nets \u00ed m\u00f6skvum.", "listNumber1": "Garn tegundir, eingirni e\u00f0a fj\u00f6lgirni, sverleiki \u00fer\u00e1\u00f0a, ", "listNumber6": "Lengd lykkja vi\u00f0 efri og ne\u00f0ri teina nets.", "listNumber7": "Lengd reipis sem fellt er \u00e1. Fyrir efri og ne\u00f0ri part nets (getur veri\u00f0 misjafnt).", "listNumber4": "Lengd nets \u00ed metrum e\u00f0a fj\u00f6lda m\u00f6skva.", "listNumber5": "Me\u00f0 e\u00f0a \u00e1n brj\u00f3sta og lykkja \u00e1 endunum, b\u00e6\u00f0i efri og ne\u00f0ri teina.", "swf1Height": 152, "listNumber9": "H\u00e1marks sverleiki teina sem fellt er \u00e1, me\u00f0 og \u00e1n spl\u00e6s. Fyrir efri og ne\u00f0ri part.", "swf1": "video/spages/netsVideo_____.swf", "listNumber8": "Lengd \u00e1 milli hn\u00fata (lykkja) og hversu margir lausir m\u00f6skvar eiga a\u00f0 vera lausir  \u00e1 milli hn\u00fata (lykkja), fyrir efri og ne\u00f0ri teina nets.", "text2": "<p>H\u00e9r m\u00e1 sj\u00e1 hvernig fellil\u00ednan og hn\u00fatarnir halda netinu \u00e1 r\u00e9ttum sta\u00f0.</p>", "text3": "<p>\u00deegar \u00e1tak ver\u00f0ur \u00e1 netinu ne\u00f0ansj\u00e1var, \u00fe\u00e1 \u00fejappast lausu m\u00f6skvarnir saman og taka \u00e1lagi\u00f0 sameiginlega, \u00ed  sta\u00f0 eins m\u00f6skva ef notu\u00f0 er hef\u00f0bundin p\u00edpufelling.</p>", "title2": "img/spages/title2NetsSmall.jpg", "text1": "<p>\u00d6ll netin fr\u00e1 Nept\u00fanusi eru forfelld \u00e1 p\u00edpur og eru \u00fdmsir m\u00f6guleikar \u00ed bo\u00f0i \u00feegar kemur a\u00f0 \u00fev\u00ed a\u00f0 panta, sj\u00e1 p\u00f6ntunarm\u00f6guleika fyrir mi\u00f0ju. Vinsamlegast hiki\u00f0 ekki vi\u00f0 a\u00f0 senda fyrirspurn. Netin eru framleidd \u00ed K\u00edna og T\u00e6landi ISO 9000-1-2</p>", "text4": "<p>Fyrir \u00feref\u00f6ld net: Sama og 1-9 fyrir \u00f6ll \u00ferj\u00fa. Einnig er h\u00e6gt a\u00f0 f\u00e1 netin st\u00f6gu\u00f0, me\u00f0 l\u00ednu \u00ed gegnum hvern m\u00f6skva, fr\u00e1 efri fellil\u00ednu til ne\u00f0ri fellil\u00ednu (sj\u00e1 teikningu). H\u00e6gt er a\u00f0 f\u00e1 fj\u00f6lda staga,  og r\u00e1\u00f0a lengd \u00feeirra. Lengd lykkjanna getur hj\u00e1lpa\u00f0 til vi\u00f0 a\u00f0 losna vi\u00f0 krabba og annan botnfisk.</p>", "image3": "img/spages/litidnetSmall_.jpg", "image2": "img/spages/stortnetmyndSmall_.jpg", "image1": "img/spages/netsImage2______.jpg", "image5": "img/spages/netsImage5_____.jpg", "image4": "img/spages/netsImage4_____.jpg", "name": "nets", "language": 6, "title1": "img/spages/netstitle1Small.jpg", "swf1Width": 270, "flv1": "video/spages/netsnew___.flv", "title3": "Fyrir forfelld net \u00fearf eftirfarandi uppl\u00fdsingar:", "page": 3}}, {"pk": 3, "model": "specialPages.customer", "fields": {"customer30Boat": "", "customer2Boat": "img/spages/cus2_.jpg", "customer8Title": "", "customer19Title": "", "customer25Text": "", "sCustomer1Boat1": "img/spages/scus1_.jpg", "customer6Boat": "", "sCustomer1Boat3": "img/spages/scus4_.jpg", "sCustomer1Boat2": "img/spages/scus2_.jpg", "customer5Text": "", "customer23Person": "", "sCustomer1Title": "Hafnarnes-Ver. ICELAND", "customer21Title": "", "swf1Height": 281, "customer13Text": "", "customer22Text": "", "customer15Text": "", "customer15Boat": "", "customer23Boat": "", "mainStoryTitle": "M/S LORAN. NORWAY. AT IT'S BEST", "customer23Title": "", "customer19Boat": "", "mainStoryText": "<p>The above video shows footages from a M/S Loran February-March, 2005, fishing tour in the Lofoten, 67N-11E. That tour was one of the best in the history of M/S Loran. They caught 38 tons of headed and gutted Cod in one day then, but over a period of two weeks they caught over 300 tons. The nets used in that tour were from Neptunus.</p>", "customer30Title": "", "customer18Title": "", "customer21Boat": "", "customer26Boat": "", "name": "customer", "customer26Text": "", "customer9Text": "", "customer20Text": "", "customer20Boat": "", "customer8Boat": "", "customer4Title": "", "customer30Person": "", "page": 4, "customer23Text": "", "customer24Text": "", "customer28Person": "", "customer29Boat": "", "customer11Title": "", "customer7Text": "", "sCustomer1Person": "img/spages/scusMer1.jpg", "customer9Boat": "", "customer29Title": "", "customer30Text": "", "customer11Boat": "", "customer10Person": "", "swf1": "video/spages/cusVideo.swf", "customer27Text": "", "customer27Person": "", "customer10Boat": "", "customer17Person": "", "customer4Text": "", "customer14Boat": "", "title1": "img/spages/cusTitle1.jpg", "swf1Width": 500, "customer1Text": "<p>Is one of the biggest five gill net vessels in the Norwegian fleet. \"We were so happy that we could mount the nets ourselves, it was so easy and much cheaper. Two men can mount 100 nets in one day with breaks and the Neptunus nets also last longer. I think that is because the mounting line is away from the rope. It is also much better to haul the nets in because the grip is better, the rigger is only pulling the ropes, not the netting. There is also one more thing. A very big boat here in Norway, Fiskanes, borrowed 50 nets from us a while ago and the captain said that the Neptunus nets caught more fish every day. He said that those nets are much better than the others he had.\" Stale Dyb. Captain</p>", "customer5Boat": "", "customer1Boat": "img/spages/cus1_.jpg", "customer29Person": "", "customer9Person": "", "language": 1, "customer14Person": "", "customer24Boat": "", "customer20Title": "", "customer25Person": "", "customer28Boat": "", "customer17Text": "", "customer14Text": "", "customer25Title": "", "customer25Boat": "", "customer12Title": "", "customer19Person": "", "customer6Title": "", "customer22Person": "", "customer26Person": "", "customer6Text": "", "customer10Text": "", "customer17Title": "", "customer13Boat": "", "customer3Title": "S\u00c6\u00de\u00d3R EA-101. ICELAND", "customer28Title": "", "customer21Person": "", "customer5Title": "", "customer24Person": "", "customer13Title": "", "customer22Boat": "", "customer16Text": "", "customer11Text": "", "customer7Title": "", "customer28Text": "", "customer2Person": "img/spages/cusMer2-2.jpg", "text1": "<p>That is the reason for all of our customers that try our new method of mounting never return to their old habits. It is not only because the owners of the companies are pleased with the money being saved, but also because the benefits of the method is clearly felt by the employees that are doing the physical work. Below are interviews with some of our customers</p>", "customer24Title": "", "customer8Person": "", "customer22Title": "", "customer8Text": "", "customer18Person": "", "flv1": "video/spages/customersnew.flv", "customer6Person": "", "customer26Title": "", "customer12Text": "", "customer12Boat": "", "customer12Person": "", "customer15Person": "", "customer18Text": "", "customer3Person": "", "sCustomer1Text": "<p>This new way of mounting has been very good for us. The mounting becomes more even and more accurate. The nets last longer, probably because of the way they are mounted, but anyhow they last much longer. Those are very good nets, they have a very high quality. Because of the mountings accuracy it is much better to haul them in. The hauling is more even and therefore the force on the netting becomes more even. The fish gets more preserved and they fish more. Those are simply the best nets. That's just very plain and simple. The best nets there are on the market today.</p>", "customer9Title": "", "customer3Boat": "img/spages/cus3-2_.jpg", "customer5Person": "", "customer2Text": "<p>\"The best thing about the new method from Neptunus is that we can mount both ropes simultaneously which saves so much time and that the mounting is so even and accurate. We use the MOUNTER EC 1500 machine which is amazingly comfortable, it's just a push on a button and there it goes. We are usually two working the machine, but one man can do it easily which happens many times, both ropes simultaneously. Before we used to sew the nets on the ropes. It was so time consuming and it was so hard to cut the nets from the ropes. After we started using the new method it's so much easier to cut the nets from the ropes,because there are far fewer knots to cut. This new method is a revolution I would say.\" Bergvin Oddson. Owner.</p>", "customer27Title": "", "customer15Title": "", "customer7Boat": "", "customer4Person": "", "customer27Boat": "", "customer10Title": "", "customer29Text": "", "customer16Title": "", "customer20Person": "", "customer13Person": "", "customer7Person": "", "customer19Text": "", "customer4Boat": "", "customer16Person": "", "customer3Text": "<p>\"First of all this new method saves a lot of time, we are much faster mounting our nets. It's also noticeable how even the mounting is, before we had problems with that. It was never even enough. The nets are so clear from the ropes making it much easier to cut them off. These nets also last much longer than other nets we have used and I have heard other fishermen that have tried the Neptunus nets that they think they're much better than other nets. First and foremost for us the best thing about this new method is that we can mount by ourselves now, much quicker than before, we like that very much.\" Arn\u00fe\u00f3r Hermannsson. Captain.</p>", "customer14Title": "", "customer1Title": "M/S LORAN. NORWAY", "customer21Text": "", "customer11Person": "", "customer2Title": "GL\u00d3FAXI VE-300. ICELAND", "customer17Boat": "", "customer16Boat": "", "customer18Boat": "", "customer1Person": "img/spages/cusMer1-2.jpg"}}, {"pk": 4, "model": "specialPages.customer", "fields": {"customer30Boat": "", "customer2Boat": "img/spages/cus2.jpg", "customer8Title": "", "customer19Title": "", "customer25Text": "", "sCustomer1Boat1": "img/spages/scus1.jpg", "customer6Boat": "", "sCustomer1Boat3": "img/spages/scus4.jpg", "sCustomer1Boat2": "img/spages/scus2.jpg", "customer5Text": "", "customer23Person": "", "sCustomer1Title": "HAFNARNES-VER. ISLANDIA", "customer21Title": "", "swf1Height": 281, "customer13Text": "", "customer22Text": "", "customer15Text": "", "customer15Boat": "", "customer23Boat": "", "mainStoryTitle": "M/S LORAN. NORUEGA.  \u00a1ES LO MEJOR!", "customer23Title": "", "customer19Boat": "", "mainStoryText": "<p>El v\u00eddeo arriba muestra una captura del M/S LORAN en febrero-marzo de 2005, en la campa\u00f1a  de pesca en las Lofoten, 67N- 11E. Esa campa\u00f1a fue una de las mejores en la historia de M/S LORAN. Ellos capturaron 38 toneladas de cabeza y viscerado de Bacalao un d\u00eda despu\u00e9s de comenzar, pero a lo largo de un per\u00edodo de dos semanas capturaron m\u00e1s de 300 toneladas. Las redes que se utilizaron para la gira eran de Neptunus.</p>", "customer30Title": "", "customer18Title": "", "customer21Boat": "", "customer26Boat": "", "name": "customer", "customer26Text": "", "customer9Text": "", "customer20Text": "", "customer20Boat": "", "customer8Boat": "", "customer4Title": "", "customer30Person": "", "page": 4, "customer23Text": "", "customer24Text": "", "customer28Person": "", "customer29Boat": "", "customer11Title": "", "customer7Text": "", "sCustomer1Person": "img/spages/scusMer1_.jpg", "customer9Boat": "", "customer29Title": "", "customer30Text": "", "customer11Boat": "", "customer10Person": "", "swf1": "video/spages/cusVideo_.swf", "customer27Text": "", "customer27Person": "", "customer10Boat": "", "customer17Person": "", "customer4Text": "", "customer14Boat": "", "title1": "img/spages/title1______________.jpg", "swf1Width": 500, "customer1Text": "<p>Es uno de los mayores cinco buques de red de enmalle de la flota noruega. \u201cEst\u00e1bamos tan felices porque podr\u00edamos montar las redes  nosotros mismos, es tan f\u00e1cil y mucho m\u00e1s barato. Dos hombres pueden montar hasta 100 redes en un d\u00eda con pausas, y las redes de Neptunus son mucho m\u00e1s duraderas. Creo que se debe a que la l\u00ednea de montaje est\u00e1 alejada de la cuerda. Tambi\u00e9n es mucho mejor el transporte de las redes debido a que el agarre es mejor, el aparejador est\u00e1 solamente tirando de las cuerdas y no de las redes. Tambi\u00e9n hay una cosa m\u00e1s. Un barco muy grande aqu\u00ed en Noruega, Fiskanes, tom\u00f3 prestadas 50 de nuestras redes hace un tiempo, y el capit\u00e1n dijo que las redes de Neptunus capturaron m\u00e1s peces todos los d\u00edas. Dijo que esas redes son mucho mejores que las otras que \u00e9l ten\u00eda\u201d. Stale Dyb, Capit\u00e1n.</p>", "customer5Boat": "", "customer1Boat": "img/spages/cus1.jpg", "customer29Person": "", "customer9Person": "", "language": 3, "customer14Person": "", "customer24Boat": "", "customer20Title": "", "customer25Person": "", "customer28Boat": "", "customer17Text": "", "customer14Text": "", "customer25Title": "", "customer25Boat": "", "customer12Title": "", "customer19Person": "", "customer6Title": "", "customer22Person": "", "customer26Person": "", "customer6Text": "", "customer10Text": "", "customer17Title": "", "customer13Boat": "", "customer3Title": "S\u00c6\u00de\u00d3R EA-101. ISLANDIA", "customer28Title": "", "customer21Person": "", "customer5Title": "", "customer24Person": "", "customer13Title": "", "customer22Boat": "", "customer16Text": "", "customer11Text": "", "customer7Title": "", "customer28Text": "", "customer2Person": "img/spages/cusMer2-2_.jpg", "text1": "<p>Esa es la raz\u00f3n por la cual todos los clientes que prueban nuestro nuevo m\u00e9todo de montaje nunca regresan a sus viejos h\u00e1bitos. No solamente porque los propietarios de las empresas est\u00e1n contentos con el dinero ahorrado, sino tambi\u00e9n porque los beneficios del m\u00e9todo son claramente percibidos por los empleados que realizan el trabajo f\u00edsico. A continuaci\u00f3n se presentan entrevistas con algunos de nuestros clientes.</p>", "customer24Title": "", "customer8Person": "", "customer22Title": "", "customer8Text": "", "customer18Person": "", "flv1": "video/spages/customersnew_.flv", "customer6Person": "", "customer26Title": "", "customer12Text": "", "customer12Boat": "", "customer12Person": "", "customer15Person": "", "customer18Text": "", "customer3Person": "", "sCustomer1Text": "<p>\u201cEsta nueva forma de montaje ha sido muy buena para nosotros. El montaje llega a ser cada vez m\u00e1s preciso. Las redes duran m\u00e1s tiempo, probablemente por la forma en la que est\u00e1n montadas, pero de cualquier modo son mucho m\u00e1s duraderas. Son muy buenas redes, tienen una alta calidad. Debido a la precisi\u00f3n de montaje es mucho mejor el transporte al jalarlas.   La tracci\u00f3n es m\u00e1s uniforme y por lo tanto, la fuerza de compensaci\u00f3n de las redes es m\u00e1s equilibrada. El pescado se conserva mejor y se pesca mucho m\u00e1s.  Son simplemente las mejores redes. Es simple y claro. Las mejores redes que existen en el mercado actualmente\u201d.</p>", "customer9Title": "", "customer3Boat": "img/spages/cus3-2.jpg", "customer5Person": "", "customer2Text": "<p>\u201cLo mejor sobre el nuevo m\u00e9todo es que podemos montar las dos cuerdas simult\u00e1neamente, lo que ahorra mucho tiempo, y que el montaje es uniforme y exacto. Nosotros usamos el MOUNTER EC 1500, m\u00e1quina que es asombrosamente c\u00f3moda, es s\u00f3lo apretar un bot\u00f3n y listo. Por lo general, trabajamos  dos personas con  la m\u00e1quina, pero un s\u00f3lo hombre puede hacerlo f\u00e1cilmente, lo que ocurre en muchas ocasiones, ambas cuerdas al mismo tiempo. Antes, nosotros sol\u00edamos coser las redes sobre las cuerdas. Eso llevaba mucho tiempo y luego era muy dif\u00edcil cortar las redes de las cuerdas. Despu\u00e9s de  empezar a usar el nuevo m\u00e9todo es mucho m\u00e1s f\u00e1cil cortar las redes de las cuerdas, porque hay mucha menos cantidad de nudos para cortar. Yo puedo afirmar que este nuevo m\u00e9todo es una revoluci\u00f3n\u201d. Bergvin Oddson. Propietario.</p>", "customer27Title": "", "customer15Title": "", "customer7Boat": "", "customer4Person": "", "customer27Boat": "", "customer10Title": "", "customer29Text": "", "customer16Title": "", "customer20Person": "", "customer13Person": "", "customer7Person": "", "customer19Text": "", "customer4Boat": "", "customer16Person": "", "customer3Text": "<p>\u201cEn primer lugar este nuevo m\u00e9todo ahorra mucho tiempo, ahora somos mucho m\u00e1s r\u00e1pidos en el montaje de nuestras redes. Tambi\u00e9n es notable la forma de montaje, antes tuvimos problemas con eso. Nunca era lo suficiente. Las redes est\u00e1n m\u00e1s despejadas de las cuerdas lo que hace mucho m\u00e1s f\u00e1cil cortarlas y separarlas. Estas redes tambi\u00e9n duran mucho m\u00e1s que otras redes que hemos usado, y  he escuchado de otros pescadores que tambi\u00e9n han usado las redes de Neptunus que son mucho mejores que otras redes. Primero y ante todo lo mejor para nosotros de este nuevo m\u00e9todo es que podemos montar las redes nosotros mismos ahora, m\u00e1s r\u00e1pido que antes, eso nos gusta mucho\u201d. Arn\u00fe\u00f3r Hermannsson. Capit\u00e1n.</p>", "customer14Title": "", "customer1Title": "M/S LORAN. NORUEGA", "customer21Text": "", "customer11Person": "", "customer2Title": "GL\u00d3FAXI VE-300. ISLANDIA", "customer17Boat": "", "customer16Boat": "", "customer18Boat": "", "customer1Person": "img/spages/cusMer1-2_.jpg"}}, {"pk": 5, "model": "specialPages.customer", "fields": {"customer30Boat": "", "customer2Boat": "img/spages/cus2__.jpg", "customer8Title": "", "customer19Title": "", "customer25Text": "", "sCustomer1Boat1": "img/spages/scus1__.jpg", "customer6Boat": "", "sCustomer1Boat3": "img/spages/scus4__.jpg", "sCustomer1Boat2": "img/spages/scus2__.jpg", "customer5Text": "", "customer23Person": "", "sCustomer1Title": "HAFNARNES-VER. Islande", "customer21Title": "", "swf1Height": 281, "customer13Text": "", "customer22Text": "", "customer15Text": "", "customer15Boat": "", "customer23Boat": "", "mainStoryTitle": "M/S LORAN. NORV\u00c8GE. \u00c0 SON APOG\u00c9E.", "customer23Title": "", "customer19Boat": "", "mainStoryText": "<p>La vid\u00e9o ci-dessus montre des images du M/S Loran en f\u00e9vrier-Mars 2005 p\u00eachant dans les \u00eeles Lofoten, 67N-11E. Cette saison a \u00e9t\u00e9 l'une des meilleures de l'histoire du M/S Loran. Ils ont attrap\u00e9 38 tonnes de cabillauds vid\u00e9s en un jour puis sur une p\u00e9riode de deux semaines, ils en ont attrap\u00e9 plus de 300 tonnes. Les filets utilis\u00e9s dans cette p\u00eache venaient de Neptunus. </p>", "customer30Title": "", "customer18Title": "", "customer21Boat": "", "customer26Boat": "", "name": "customer", "customer26Text": "", "customer9Text": "", "customer20Text": "", "customer20Boat": "", "customer8Boat": "", "customer4Title": "", "customer30Person": "", "page": 4, "customer23Text": "", "customer24Text": "", "customer28Person": "", "customer29Boat": "", "customer11Title": "", "customer7Text": "", "sCustomer1Person": "img/spages/scusMer1__.jpg", "customer9Boat": "", "customer29Title": "", "customer30Text": "", "customer11Boat": "", "customer10Person": "", "swf1": "", "customer27Text": "", "customer27Person": "", "customer10Boat": "", "customer17Person": "", "customer4Text": "", "customer14Boat": "", "title1": "img/spages/titlecusfren.jpg", "swf1Width": 500, "customer1Text": "<p>Le M/S LORAN est l'un des cinq plus grands navires au filet maillant de la flotte norv\u00e9gienne. \u00abNous \u00e9tions si heureux de pouvoir monter nous-m\u00eames les filets, c\u2019\u00e9tait si facile et beaucoup moins cher. \u201cDeux hommes peuvent monter 100 filets en une seule journ\u00e9e (pauses incluses) et les filets Neptunus durent plus longtemps. Je pense que c'est parce que la ligne de montage est loin de la corde. C\u2019est aussi beaucoup mieux pour transporter les filets, car l\u2019emprise est meilleure, le c\u00e2bleur tire seulement sur les cordes, et non sur le filet. Il y a aussi autre chose. Un tr\u00e8s gros navire ici en Norv\u00e8ge, le Fiskanes, nous a un jour emprunt\u00e9s 50 filets; Le capitaine nous a dit alors que les filets Neptunus attrapaient plus de Poissons chaque jour. Il a dit aussi que ces filets \u00e9taient bien mieux que ceux qu\u2019il avait.\u201d Stale Dyb. Capitaine.</p>", "customer5Boat": "", "customer1Boat": "img/spages/cus1__.jpg", "customer29Person": "", "customer9Person": "", "language": 5, "customer14Person": "", "customer24Boat": "", "customer20Title": "", "customer25Person": "", "customer28Boat": "", "customer17Text": "", "customer14Text": "", "customer25Title": "", "customer25Boat": "", "customer12Title": "", "customer19Person": "", "customer6Title": "", "customer22Person": "", "customer26Person": "", "customer6Text": "", "customer10Text": "", "customer17Title": "", "customer13Boat": "", "customer3Title": "S\u00c6\u00de\u00d3R EA- 101. Islande", "customer28Title": "", "customer21Person": "", "customer5Title": "", "customer24Person": "", "customer13Title": "", "customer22Boat": "", "customer16Text": "", "customer11Text": "", "customer7Title": "", "customer28Text": "", "customer2Person": "img/spages/cusMer2-2__.jpg", "text1": "<p>Ce sont pour ces raisons que l'ensemble de nos clients qui ont essay\u00e9 notre nouvelle m\u00e9thode de montage ne reviennent jamais \u00e0 leurs anciennes habitudes.</p>", "customer24Title": "", "customer8Person": "", "customer22Title": "", "customer8Text": "", "customer18Person": "", "flv1": "video/spages/customersnew__.flv", "customer6Person": "", "customer26Title": "", "customer12Text": "", "customer12Boat": "", "customer12Person": "", "customer15Person": "", "customer18Text": "", "customer3Person": "", "sCustomer1Text": "<p>\u201cCette nouvelle m\u00e9thode de montage a \u00e9t\u00e9 tr\u00e8s bonne pour nous. Le montage en devient plus pr\u00e9cis. Les filets durent plus longtemps, probablement \u00e0 cause de la fa\u00e7on dont ils sont mont\u00e9s. Ce sont de tr\u00e8s bons filets, d\u2019une qualit\u00e9 exceptionnelle. La pr\u00e9cision du montage rend la remont\u00e9e des filets \u00e0 bord bien meilleure, par cons\u00e9quent la force sur le filet aussi. Le poisson est mieux conserv\u00e9 et la p\u00eache est plus importante. Ce sont simplement les meilleurs filets qui existent sur le march\u00e9.\u201d</p>", "customer9Title": "", "customer3Boat": "img/spages/cus3-2__.jpg", "customer5Person": "", "customer2Text": "<p>\u201cLa meilleure chose au sujet de la nouvelle m\u00e9thode Neptunus, c'est que nous pouvons monter simultan\u00e9ment les deux cordes, c\u2019est un gain de temps \u00e9norme! le montage en est m\u00eame plus pr\u00e9cis. \t\r\nNous utilisons la machine de MONTAGE EC 1500, machine qui est \u00e9tonnamment confortable, on appuie sur un bouton et c\u2019est parti\u00a0! Nous sommes g\u00e9n\u00e9ralement deux \u00e0 travailler sur la machine, mais un homme peut le faire facilement, ce qui s\u2019est d\u00e9j\u00e0 produit plusieurs fois. Avant nous avions l'habitude de coudre les filets sur les cordes. C\u2019\u00e9tait une vraie perte de temps, il \u00e9tait aussi tr\u00e8s difficile de couper les filets des cordes. Avec la nouvelle m\u00e9thode, il est tellement plus facile de couper les filets de la corde car il y\u2019a beaucoup moins de noeuds \u00e0 couper. Cette nouvelle m\u00e9thode est r\u00e9volutionnaire!\u201d Bergvin Oddson. Propri\u00e9taire.</p>", "customer27Title": "", "customer15Title": "", "customer7Boat": "", "customer4Person": "", "customer27Boat": "", "customer10Title": "", "customer29Text": "", "customer16Title": "", "customer20Person": "", "customer13Person": "", "customer7Person": "", "customer19Text": "", "customer4Boat": "", "customer16Person": "", "customer3Text": "<p>\u201cTout d'abord, cette nouvelle m\u00e9thode nous fait gagner beaucoup de temps, nous sommes plus rapides \u00e0 monter nos filets, et ce sur n\u2019importe quel type de montage. Avant, cela nous posait pas mal de probl\u00e8mes, ce n\u2019\u00e9tait jamais assez! Les filets sont d\u2019une clart\u00e9 tel depuis les cordes qu\u2019il est aujourd\u2019hui plus facile de les couper. Ces filets durent beaucoup plus longtemps que ceux qu\u2019on utilisaient auparavant, j\u2019ai m\u00eame entendu dire par d\u2019autres p\u00eacheurs que les filets Neptunus sont bien meilleurs que les autres qu\u2019on trouve sur le march\u00e9. Ce que nous appr\u00e9cions par-dessus tout dans cette nouvelle m\u00e9thode est le fait que nous pouvons monter nous-m\u00eames nos filets plus rapidement que par le pass\u00e9.\u201d Arn\u00fe\u00f3r Hermannsson. Capitaine</p>", "customer14Title": "", "customer1Title": "M/S LORAN. NORV\u00c8GE.", "customer21Text": "", "customer11Person": "", "customer2Title": "GL\u00d3FAXI VE-300. Islande.", "customer17Boat": "", "customer16Boat": "", "customer18Boat": "", "customer1Person": "img/spages/cusMer1-2__.jpg"}}, {"pk": 6, "model": "specialPages.customer", "fields": {"customer30Boat": "", "customer2Boat": "img/spages/cus2___.jpg", "customer8Title": "", "customer19Title": "", "customer25Text": "", "sCustomer1Boat1": "img/spages/scus1___.jpg", "customer6Boat": "", "sCustomer1Boat3": "img/spages/scus4___.jpg", "sCustomer1Boat2": "img/spages/scus2___.jpg", "customer5Text": "", "customer23Person": "", "sCustomer1Title": "Hafnarnes-Ver. \u00cdslandi.", "customer21Title": "", "swf1Height": 281, "customer13Text": "", "customer22Text": "", "customer15Text": "", "customer15Boat": "", "customer23Boat": "", "mainStoryTitle": "M/S Loran \u00ed Noregi.", "customer23Title": "", "customer19Boat": "", "mainStoryText": "<p>Videoi\u00f0 s\u00fdnir myndir af fiskir\u00edi \u00feeirra \u00ed febr\u00faar-mars 2005, vi\u00f0 Lofoten 67N-11E. \u00deessi fer\u00f0 var ein s\u00fa besta \u00ed s\u00f6gu M/S Loran. \u00deeir veiddu 38 tonn af sl\u00e6g\u00f0um \u00feorski \u00e1 einum degi. \u00c1 tveimur vikum fisku\u00f0u \u00feeir 300 tonn af hausu\u00f0um og sl\u00e6g\u00f0um \u00feorski . Netin sem \u00feeir notu\u00f0u voru fr\u00e1 Nept\u00fanus.</p>", "customer30Title": "", "customer18Title": "", "customer21Boat": "", "customer26Boat": "", "name": "customer", "customer26Text": "", "customer9Text": "", "customer20Text": "", "customer20Boat": "", "customer8Boat": "", "customer4Title": "", "customer30Person": "", "page": 4, "customer23Text": "", "customer24Text": "", "customer28Person": "", "customer29Boat": "", "customer11Title": "", "customer7Text": "", "sCustomer1Person": "img/spages/scusMer1___.jpg", "customer9Boat": "", "customer29Title": "", "customer30Text": "", "customer11Boat": "", "customer10Person": "", "swf1": "video/spages/cusVideo__.swf", "customer27Text": "", "customer27Person": "", "customer10Boat": "", "customer17Person": "", "customer4Text": "", "customer14Boat": "", "title1": "img/spages/title1cussmall.jpg", "swf1Width": 500, "customer1Text": "<p>\u00deetta er einn af fimm st\u00e6rstu netab\u00e1tum \u00ed norska flotanum. \u201cVi\u00f0 vorum s\u00e9rlega \u00e1n\u00e6g\u00f0ir a\u00f0 geta fellt netin okkar sj\u00e1lfir. \u00dea\u00f0 var svo au\u00f0velt og svo miklu \u00f3d\u00fdrara. Tveir menn g\u00e1tu fellt 100 net \u00e1 dag me\u00f0 hl\u00e9um og netin fr\u00e1 Nept\u00fanusi entust l\u00edka lengur. \u00c9g held a\u00f0 \u00fea\u00f0 s\u00e9 vegna \u00feess a\u00f0 fellil\u00ednan er fr\u00e1 netateinunum. \u00dea\u00f0 er l\u00edka betra a\u00f0 draga netin inn vegna \u00feess a\u00f0 gripi\u00f0 \u00ed spilinu eykst. Spili\u00f0 er bara a\u00f0 draga teinana, ekki netin. \u00dea\u00f0 er l\u00edka eitt anna\u00f0 \u00ed \u00feessu. St\u00f3r b\u00e1tur h\u00e9r \u00ed Noregi f\u00e9kk l\u00e1nu\u00f0 50 net fr\u00e1 okkur um daginn. Skipstj\u00f3rinn sag\u00f0i a\u00f0 netin fr\u00e1 Nept\u00fanus veiddu betur en hin netin sem hann var me\u00f0\u201d. Stale Dyb. Skiptj\u00f3ri.</p>", "customer5Boat": "", "customer1Boat": "img/spages/cus1___.jpg", "customer29Person": "", "customer9Person": "", "language": 6, "customer14Person": "", "customer24Boat": "", "customer20Title": "", "customer25Person": "", "customer28Boat": "", "customer17Text": "", "customer14Text": "", "customer25Title": "", "customer25Boat": "", "customer12Title": "", "customer19Person": "", "customer6Title": "", "customer22Person": "", "customer26Person": "", "customer6Text": "", "customer10Text": "", "customer17Title": "", "customer13Boat": "", "customer3Title": "S\u00e6\u00fe\u00f3r EA-101. \u00cdslandi.", "customer28Title": "", "customer21Person": "", "customer5Title": "", "customer24Person": "", "customer13Title": "", "customer22Boat": "", "customer16Text": "", "customer11Text": "", "customer7Title": "", "customer28Text": "", "customer2Person": "img/spages/cusMer2-2___.jpg", "text1": "<p>\u00deeir eru f\u00e1ir sem hafa prufa\u00f0 \u00feessa fellingu og fari\u00f0 aftur \u00ed \u00fe\u00e1 g\u00f6mlu.</p>", "customer24Title": "", "customer8Person": "", "customer22Title": "", "customer8Text": "", "customer18Person": "", "flv1": "video/spages/customersnew___.flv", "customer6Person": "", "customer26Title": "", "customer12Text": "", "customer12Boat": "", "customer12Person": "", "customer15Person": "", "customer18Text": "", "customer3Person": "", "sCustomer1Text": "<p style='padding-bottom: 20px;'>\u201c\u00deessi n\u00fdja felling hefur reynst okkur vel. Fellingin \u00e1 teinana ver\u00f0ur jafnari og betri. Netin endast lengur, sennilega vegna fellingarinnar, allavega \u00fe\u00e1 endast \u00feau lengur. \u00deau hafa mikil g\u00e6\u00f0i \u00feessi net. Og vegna \u00feess a\u00f0 fellingin er j\u00f6fn og g\u00f3\u00f0 \u00fe\u00e1 dragast \u00feau betur, dragast jafnar og \u00e1taki\u00f0 \u00e1 garni\u00f0 ver\u00f0ur jafnara. Netin fara betur me\u00f0 fiskinn og vei\u00f0a betur. \u00deetta eru einfaldlega bara bestu netin. \u00dea\u00f0 er bara \u00fatkoman. Bestu netin sem vi\u00f0 erum a\u00f0 nota \u00ed dag\u201d. Hannes Sigur\u00f0sson. Eigandi.</p>", "customer9Title": "", "customer3Boat": "img/spages/cus3-2___.jpg", "customer5Person": "", "customer2Text": "<p>\u201c\u00dea\u00f0 besta vi\u00f0 n\u00fdju fellinguna fr\u00e1 Nept\u00fanus er a\u00f0 vi\u00f0 getum fellt b\u00e1\u00f0a teinana samt\u00edmis, sem sparar t\u00edma. Fellingin er l\u00edka svo j\u00f6fn og g\u00f3\u00f0 \u00feannig. Vi\u00f0 notum EC-1500 felliv\u00e9lina sem er alveg fr\u00e1b\u00e6r. Ma\u00f0ur \u00fdtir bara \u00e1 takka og \u00feetta fellir sig sj\u00e1lft. \u00c1\u00f0ur saumu\u00f0um vi\u00f0. \u00dea\u00f0 var svo miklu t\u00edmafrekara og l\u00edka svo erfitt a\u00f0 skera netin af teinunum. Eftir a\u00f0 vi\u00f0 byrju\u00f0um a\u00f0 nota netin fr\u00e1 Nept\u00fanus \u00fe\u00e1 er svo miklu au\u00f0veldara a\u00f0 skera af, me\u00f0al annars vegna \u00feess a\u00f0 \u00fea\u00f0 eru miklu f\u00e6rri hn\u00fatar a\u00f0 skera. \u00deetta er bylting myndi \u00e9g segja\u201d. Bergvin Oddson. Eigandi.</p>", "customer27Title": "", "customer15Title": "", "customer7Boat": "", "customer4Person": "", "customer27Boat": "", "customer10Title": "", "customer29Text": "", "customer16Title": "", "customer20Person": "", "customer13Person": "", "customer7Person": "", "customer19Text": "", "customer4Boat": "", "customer16Person": "", "customer3Text": "<p>\u201c\u00cd fyrsta lagi \u00fe\u00e1 sparar \u00feessi n\u00fdja felling t\u00edma. Vi\u00f0 erum miklu flj\u00f3tari a\u00f0 fella netin okkar. \u00dea\u00f0 er l\u00edka eftirtektarvert hversu j\u00f6fn fellingin er. Vi\u00f0 vorum alltaf \u00ed vandr\u00e6\u00f0um me\u00f0 \u00fea\u00f0 \u00e1\u00f0ur fyrr. \u00dea\u00f0 er l\u00edka miklu au\u00f0veldara a\u00f0 skera af og netin endast l\u00edka miklu lengur en \u00f6nnur net sem vi\u00f0 h\u00f6fum veri\u00f0 me\u00f0. \u00c9g hef l\u00edka heyrt a\u00f0ra sj\u00f3menn sem hafa pr\u00f3fa\u00f0 netin fr\u00e1 Nept\u00fanus, segja a\u00f0 \u00feau s\u00e9u \u00fea\u00f0 besta sem \u00feeir hafa komist \u00ed f\u00e6ri vi\u00f0. \u00dea\u00f0 mikilv\u00e6gasta fyrir okkur er a\u00f0 vi\u00f0 getum fellt \u00feessi net sj\u00e1lfir miklu hra\u00f0ar en \u00e1\u00f0ur. Okkur l\u00edkar \u00fea\u00f0 mj\u00f6g vel\u201d. Arn\u00fe\u00f3r Hermannsson. Skipstj\u00f3ri.</p>", "customer14Title": "", "customer1Title": "M/S Loran, Noregi.", "customer21Text": "", "customer11Person": "", "customer2Title": "Gl\u00f3faxi VE-300. \u00cdslandi.", "customer17Boat": "", "customer16Boat": "", "customer18Boat": "", "customer1Person": "img/spages/cusMer1-2___.jpg"}}, {"pk": 1, "model": "specialPages.contact", "fields": {"tel1": "Tel: +354-552-1380", "name": "contact", "language": 1, "cell1": "Cell: +354-864-4343", "address1": "H\u00f3lmasl\u00f3\u00f0 6-101 Reykjav\u00edk", "send1": "Send", "country1": "Iceland", "invalidMessage1": "Your input was invalid, please try again..", "message1": "Your message:", "sentMessage1": "Your message has been sent..", "title1": "img/spages/title1_________.jpg", "text1": "<p>Please don't hesitate to send us a line or give us a call if you have any questions.</p>", "submit1": "Submit:", "name1": "Your name:", "email2": "email: xneptunus@simnet.is", "page": 8, "company1": "Neptunus ehf.", "email1": "Your email address:"}}, {"pk": 22, "model": "auth.permission", "fields": {"codename": "add_logentry", "name": "Can add log entry", "content_type": 8}}, {"pk": 23, "model": "auth.permission", "fields": {"codename": "change_logentry", "name": "Can change log entry", "content_type": 8}}, {"pk": 24, "model": "auth.permission", "fields": {"codename": "delete_logentry", "name": "Can delete log entry", "content_type": 8}}, {"pk": 4, "model": "auth.permission", "fields": {"codename": "add_group", "name": "Can add group", "content_type": 2}}, {"pk": 5, "model": "auth.permission", "fields": {"codename": "change_group", "name": "Can change group", "content_type": 2}}, {"pk": 6, "model": "auth.permission", "fields": {"codename": "delete_group", "name": "Can delete group", "content_type": 2}}, {"pk": 10, "model": "auth.permission", "fields": {"codename": "add_message", "name": "Can add message", "content_type": 4}}, {"pk": 11, "model": "auth.permission", "fields": {"codename": "change_message", "name": "Can change message", "content_type": 4}}, {"pk": 12, "model": "auth.permission", "fields": {"codename": "delete_message", "name": "Can delete message", "content_type": 4}}, {"pk": 1, "model": "auth.permission", "fields": {"codename": "add_permission", "name": "Can add permission", "content_type": 1}}, {"pk": 2, "model": "auth.permission", "fields": {"codename": "change_permission", "name": "Can change permission", "content_type": 1}}, {"pk": 3, "model": "auth.permission", "fields": {"codename": "delete_permission", "name": "Can delete permission", "content_type": 1}}, {"pk": 7, "model": "auth.permission", "fields": {"codename": "add_user", "name": "Can add user", "content_type": 3}}, {"pk": 8, "model": "auth.permission", "fields": {"codename": "change_user", "name": "Can change user", "content_type": 3}}, {"pk": 9, "model": "auth.permission", "fields": {"codename": "delete_user", "name": "Can delete user", "content_type": 3}}, {"pk": 13, "model": "auth.permission", "fields": {"codename": "add_contenttype", "name": "Can add content type", "content_type": 5}}, {"pk": 14, "model": "auth.permission", "fields": {"codename": "change_contenttype", "name": "Can change content type", "content_type": 5}}, {"pk": 15, "model": "auth.permission", "fields": {"codename": "delete_contenttype", "name": "Can delete content type", "content_type": 5}}, {"pk": 43, "model": "auth.permission", "fields": {"codename": "add_imagegallery", "name": "Can add image gallery", "content_type": 15}}, {"pk": 44, "model": "auth.permission", "fields": {"codename": "change_imagegallery", "name": "Can change image gallery", "content_type": 15}}, {"pk": 45, "model": "auth.permission", "fields": {"codename": "delete_imagegallery", "name": "Can delete image gallery", "content_type": 15}}, {"pk": 46, "model": "auth.permission", "fields": {"codename": "add_videogallery", "name": "Can add video gallery", "content_type": 16}}, {"pk": 47, "model": "auth.permission", "fields": {"codename": "change_videogallery", "name": "Can change video gallery", "content_type": 16}}, {"pk": 48, "model": "auth.permission", "fields": {"codename": "delete_videogallery", "name": "Can delete video gallery", "content_type": 16}}, {"pk": 49, "model": "auth.permission", "fields": {"codename": "add_language", "name": "Can add language", "content_type": 17}}, {"pk": 50, "model": "auth.permission", "fields": {"codename": "change_language", "name": "Can change language", "content_type": 17}}, {"pk": 51, "model": "auth.permission", "fields": {"codename": "delete_language", "name": "Can delete language", "content_type": 17}}, {"pk": 52, "model": "auth.permission", "fields": {"codename": "add_languagegod", "name": "Can add language god", "content_type": 18}}, {"pk": 53, "model": "auth.permission", "fields": {"codename": "change_languagegod", "name": "Can change language god", "content_type": 18}}, {"pk": 54, "model": "auth.permission", "fields": {"codename": "delete_languagegod", "name": "Can delete language god", "content_type": 18}}, {"pk": 55, "model": "auth.permission", "fields": {"codename": "add_languagename", "name": "Can add language name", "content_type": 19}}, {"pk": 56, "model": "auth.permission", "fields": {"codename": "change_languagename", "name": "Can change language name", "content_type": 19}}, {"pk": 57, "model": "auth.permission", "fields": {"codename": "delete_languagename", "name": "Can delete language name", "content_type": 19}}, {"pk": 34, "model": "auth.permission", "fields": {"codename": "add_footer", "name": "Can add footer", "content_type": 12}}, {"pk": 35, "model": "auth.permission", "fields": {"codename": "change_footer", "name": "Can change footer", "content_type": 12}}, {"pk": 36, "model": "auth.permission", "fields": {"codename": "delete_footer", "name": "Can delete footer", "content_type": 12}}, {"pk": 40, "model": "auth.permission", "fields": {"codename": "add_keyword", "name": "Can add keyword", "content_type": 14}}, {"pk": 41, "model": "auth.permission", "fields": {"codename": "change_keyword", "name": "Can change keyword", "content_type": 14}}, {"pk": 42, "model": "auth.permission", "fields": {"codename": "delete_keyword", "name": "Can delete keyword", "content_type": 14}}, {"pk": 37, "model": "auth.permission", "fields": {"codename": "add_logo", "name": "Can add logo", "content_type": 13}}, {"pk": 38, "model": "auth.permission", "fields": {"codename": "change_logo", "name": "Can change logo", "content_type": 13}}, {"pk": 39, "model": "auth.permission", "fields": {"codename": "delete_logo", "name": "Can delete logo", "content_type": 13}}, {"pk": 25, "model": "auth.permission", "fields": {"codename": "add_page", "name": "Can add page", "content_type": 9}}, {"pk": 26, "model": "auth.permission", "fields": {"codename": "change_page", "name": "Can change page", "content_type": 9}}, {"pk": 27, "model": "auth.permission", "fields": {"codename": "delete_page", "name": "Can delete page", "content_type": 9}}, {"pk": 28, "model": "auth.permission", "fields": {"codename": "add_pagename", "name": "Can add page name", "content_type": 10}}, {"pk": 29, "model": "auth.permission", "fields": {"codename": "change_pagename", "name": "Can change page name", "content_type": 10}}, {"pk": 30, "model": "auth.permission", "fields": {"codename": "delete_pagename", "name": "Can delete page name", "content_type": 10}}, {"pk": 31, "model": "auth.permission", "fields": {"codename": "add_text", "name": "Can add text", "content_type": 11}}, {"pk": 32, "model": "auth.permission", "fields": {"codename": "change_text", "name": "Can change text", "content_type": 11}}, {"pk": 33, "model": "auth.permission", "fields": {"codename": "delete_text", "name": "Can delete text", "content_type": 11}}, {"pk": 16, "model": "auth.permission", "fields": {"codename": "add_session", "name": "Can add session", "content_type": 6}}, {"pk": 17, "model": "auth.permission", "fields": {"codename": "change_session", "name": "Can change session", "content_type": 6}}, {"pk": 18, "model": "auth.permission", "fields": {"codename": "delete_session", "name": "Can delete session", "content_type": 6}}, {"pk": 19, "model": "auth.permission", "fields": {"codename": "add_site", "name": "Can add site", "content_type": 7}}, {"pk": 20, "model": "auth.permission", "fields": {"codename": "change_site", "name": "Can change site", "content_type": 7}}, {"pk": 21, "model": "auth.permission", "fields": {"codename": "delete_site", "name": "Can delete site", "content_type": 7}}, {"pk": 70, "model": "auth.permission", "fields": {"codename": "add_contact", "name": "Can add contact", "content_type": 24}}, {"pk": 71, "model": "auth.permission", "fields": {"codename": "change_contact", "name": "Can change contact", "content_type": 24}}, {"pk": 72, "model": "auth.permission", "fields": {"codename": "delete_contact", "name": "Can delete contact", "content_type": 24}}, {"pk": 67, "model": "auth.permission", "fields": {"codename": "add_customer", "name": "Can add customer", "content_type": 23}}, {"pk": 68, "model": "auth.permission", "fields": {"codename": "change_customer", "name": "Can change customer", "content_type": 23}}, {"pk": 69, "model": "auth.permission", "fields": {"codename": "delete_customer", "name": "Can delete customer", "content_type": 23}}, {"pk": 58, "model": "auth.permission", "fields": {"codename": "add_home", "name": "Can add home", "content_type": 20}}, {"pk": 59, "model": "auth.permission", "fields": {"codename": "change_home", "name": "Can change home", "content_type": 20}}, {"pk": 60, "model": "auth.permission", "fields": {"codename": "delete_home", "name": "Can delete home", "content_type": 20}}, {"pk": 61, "model": "auth.permission", "fields": {"codename": "add_method", "name": "Can add method", "content_type": 21}}, {"pk": 62, "model": "auth.permission", "fields": {"codename": "change_method", "name": "Can change method", "content_type": 21}}, {"pk": 63, "model": "auth.permission", "fields": {"codename": "delete_method", "name": "Can delete method", "content_type": 21}}, {"pk": 64, "model": "auth.permission", "fields": {"codename": "add_nets", "name": "Can add nets", "content_type": 22}}, {"pk": 65, "model": "auth.permission", "fields": {"codename": "change_nets", "name": "Can change nets", "content_type": 22}}, {"pk": 66, "model": "auth.permission", "fields": {"codename": "delete_nets", "name": "Can delete nets", "content_type": 22}}, {"pk": 1, "model": "auth.user", "fields": {"username": "neptunus", "first_name": "", "last_name": "", "is_active": true, "is_superuser": true, "is_staff": true, "last_login": "2011-01-13 11:28:51", "groups": [], "user_permissions": [], "password": "sha1$721be$be77889d39de4a725134ca69a055f62cc10bf381", "email": "brynjar@gmail.com", "date_joined": "2009-09-01 09:10:58"}}]